permiso,razon_social,categoria,lat,lng,coordenadas,precio_mediano
PL/425/EXP/ES/2015,"Petromax, S.A. de C.V.",Petromax precio mercado,25.7197,-100.359,"25.7197,-100.359",23.99
PL/426/EXP/ES/2015,"Petromax, S.A. de C.V.",Petromax precio mercado,25.60693,-100.2683,"25.60693,-100.2683",23.99
PL/427/EXP/ES/2015,"Petromax, S.A. de C.V.",Petromax precio mercado,25.67366,-100.3682,"25.67366,-100.3682",23.99
PL/428/EXP/ES/2015,"Petromax, S.A. de C.V.",Petromax precio mercado,25.75267,-100.1985,"25.75267,-100.1985",23.99
PL/432/EXP/ES/2015,"Petromax, S.A. de C.V.",Petromax precio mercado,25.68003,-100.2656,"25.68003,-100.2656",23.99
PL/433/EXP/ES/2015,"Petromax, S.A. de C.V.",Petromax precio mercado,25.71057,-100.2634,"25.71057,-100.2634",23.99
PL/437/EXP/ES/2015,"Petromax, S.A. de C.V.",Petromax precio mercado,25.62543,-100.1731,"25.62543,-100.1731",23.99
PL/439/EXP/ES/2015,"Petromax, S.A. de C.V.",Petromax precio mercado,25.77202,-100.2918,"25.77202,-100.2918",23.99
PL/441/EXP/ES/2015,"Petromax, S.A. de C.V.",Petromax precio mercado,25.70874,-100.2766,"25.70874,-100.2766",23.99
PL/444/EXP/ES/2015,"Petromax, S.A. de C.V.",Petromax precio mercado,25.66751,-100.3207,"25.66751,-100.3207",23.99
PL/447/EXP/ES/2015,"Petromax, S.A. de C.V.",Petromax precio mercado,25.67901,-100.4386,"25.67901,-100.4386",23.99
PL/448/EXP/ES/2015,"Petromax, S.A. de C.V.",Petromax precio mercado,25.81873,-100.2944,"25.81873,-100.2944",23.99
PL/450/EXP/ES/2015,"Petromax, S.A. de C.V.",Petromax precio mercado,25.78579,-100.1586,"25.78579,-100.1586",23.99
PL/451/EXP/ES/2015,"Petromax, S.A. de C.V.",Petromax precio mercado,25.73641,-100.2083,"25.73641,-100.2083",23.99
PL/455/EXP/ES/2015,"Petromax, S.A. de C.V.",Petromax precio mercado,25.68477,-100.4806,"25.68477,-100.4806",23.99
PL/458/EXP/ES/2015,"Petromax, S.A. de C.V.",Petromax cara,25.70878,-100.1629,"25.70878,-100.1629",24.24
PL/461/EXP/ES/2015,"Petromax, S.A. de C.V.",Petromax precio mercado,25.69495,-100.1733,"25.69495,-100.1733",23.99
PL/462/EXP/ES/2015,"Petromax, S.A. de C.V.",Petromax precio mercado,25.73667,-100.2444,"25.73667,-100.2444",
PL/463/EXP/ES/2015,"Petromax, S.A. de C.V.",Petromax precio mercado,25.65684,-100.1361,"25.65684,-100.1361",23.99
PL/466/EXP/ES/2015,"Petromax, S.A. de C.V.",Petromax precio mercado,25.73397,-100.174,"25.73397,-100.174",23.99
PL/469/EXP/ES/2015,"Petromax, S.A. de C.V.",Petromax precio mercado,25.76333,-100.4128,"25.76333,-100.4128",23.99
PL/473/EXP/ES/2015,"Petromax, S.A. de C.V.",Petromax precio mercado,25.67491,-100.4262,"25.67491,-100.4262",23.99
PL/474/EXP/ES/2015,"Petromax, S.A. de C.V.",Petromax precio mercado,25.66857,-100.1769,"25.66857,-100.1769",23.99
PL/481/EXP/ES/2015,"Petromax, S.A. de C.V.",Petromax precio mercado,25.69438,-100.1764,"25.69438,-100.1764",23.99
PL/486/EXP/ES/2015,"Petromax, S.A. de C.V.",Petromax cara,25.69145,-100.1952,"25.69145,-100.1952",24.34
PL/487/EXP/ES/2015,"Petromax, S.A. de C.V.",Petromax precio mercado,25.85541,-100.24,"25.85541,-100.24",23.99
PL/489/EXP/ES/2015,"Petromax, S.A. de C.V.",Petromax precio mercado,25.7805,-100.1759,"25.7805,-100.1759",23.99
PL/492/EXP/ES/2015,"Petromax, S.A. de C.V.",Petromax cara,25.71746,-100.1685,"25.71746,-100.1685",24.14
PL/494/EXP/ES/2015,"Petromax, S.A. de C.V.",Petromax precio mercado,25.71853,-100.2887,"25.71853,-100.2887",23.99
PL/513/EXP/ES/2015,"Petromax, S.A. de C.V.",Petromax precio mercado,25.82599,-100.2875,"25.82599,-100.2875",23.99
PL/514/EXP/ES/2015,"Petromax, S.A. de C.V.",Petromax precio mercado,25.67927,-100.4822,"25.67927,-100.4822",23.99
PL/515/EXP/ES/2015,"Petromax, S.A. de C.V.",Petromax precio mercado,25.73066,-100.1625,"25.73066,-100.1625",23.99
PL/516/EXP/ES/2015,"Petromax, S.A. de C.V.",Petromax precio mercado,25.68592,-100.4652,"25.68592,-100.4652",23.99
PL/517/EXP/ES/2015,"Petromax, S.A. de C.V.",Petromax precio mercado,25.64484,-100.1696,"25.64484,-100.1696",23.99
PL/520/EXP/ES/2015,"Petromax, S.A. de C.V.",Petromax precio mercado,25.66576,-100.2664,"25.66576,-100.2664",23.99
PL/521/EXP/ES/2015,"Petromax, S.A. de C.V.",Petromax precio mercado,25.71221,-100.2606,"25.71221,-100.2606",23.99
PL/523/EXP/ES/2015,"Petromax, S.A. de C.V.",Petromax precio mercado,25.77217,-100.3883,"25.77217,-100.3883",23.99
PL/526/EXP/ES/2015,"Petromax, S.A. de C.V.",Petromax precio mercado,25.76571,-100.2573,"25.76571,-100.2573",23.99
PL/538/EXP/ES/2015,"Petromax, S.A. de C.V.",Petromax cara,25.66026,-100.1466,"25.66026,-100.1466",24.189999999999998
PL/540/EXP/ES/2015,"Petromax, S.A. de C.V.",Petromax precio mercado,25.76277,-100.4024,"25.76277,-100.4024",22.99
PL/541/EXP/ES/2015,"Petromax, S.A. de C.V.",Petromax precio mercado,25.71714,-100.2357,"25.71714,-100.2357",23.99
PL/544/EXP/ES/2015,"Petromax, S.A. de C.V.",Petromax precio mercado,25.66981,-100.3696,"25.66981,-100.3696",23.99
PL/547/EXP/ES/2015,"Petromax, S.A. de C.V.",Petromax precio mercado,25.77943,-100.318,"25.77943,-100.318",23.99
PL/551/EXP/ES/2015,"Petromax, S.A. de C.V.",Petromax precio mercado,25.75716,-100.2869,"25.75716,-100.2869",23.99
PL/555/EXP/ES/2015,"Petromax, S.A. de C.V.",Petromax precio mercado,25.79039,-100.261,"25.79039,-100.261",23.99
PL/558/EXP/ES/2015,"Petromax, S.A. de C.V.",Petromax precio mercado,25.6788,-100.2365,"25.6788,-100.2365",23.99
PL/560/EXP/ES/2015,"Petromax, S.A. de C.V.",Petromax precio mercado,25.67,-100.4021,"25.67,-100.4021",23.99
PL/561/EXP/ES/2015,"Petromax, S.A. de C.V.",Petromax precio mercado,25.65562,-100.184,"25.65562,-100.184",23.99
PL/562/EXP/ES/2015,Yligarza S.A. de C.V.,Resto mercado,25.73174,-100.2726,"25.73174,-100.2726",23.99
PL/563/EXP/ES/2015,"Petromax, S.A. de C.V.",Petromax precio mercado,25.71573,-100.2403,"25.71573,-100.2403",23.99
PL/564/EXP/ES/2015,"Petromax, S.A. de C.V.",Petromax precio mercado,25.71314,-100.3628,"25.71314,-100.3628",23.99
PL/566/EXP/ES/2015,"Petromax, S.A. de C.V.",Petromax precio mercado,25.72574,-100.3175,"25.72574,-100.3175",23.99
PL/567/EXP/ES/2015,"Petromax, S.A. de C.V.",Petromax precio mercado,25.72883,-100.2535,"25.72883,-100.2535",23.99
PL/569/EXP/ES/2015,"Petromax, S.A. de C.V.",Petromax precio mercado,25.69688,-100.3575,"25.69688,-100.3575",23.99
PL/570/EXP/ES/2015,"Petromax, S.A. de C.V.",Petromax precio mercado,25.76927,-100.273,"25.76927,-100.273",23.99
PL/571/EXP/ES/2015,"Petromax, S.A. de C.V.",Petromax precio mercado,25.72328,-100.1915,"25.72328,-100.1915",23.99
PL/573/EXP/ES/2015,"Petromax, S.A. de C.V.",Petromax precio mercado,25.75881,-100.1725,"25.75881,-100.1725",23.99
PL/578/EXP/ES/2015,"Petromax, S.A. de C.V.",Petromax precio mercado,25.75637,-100.2961,"25.75637,-100.2961",23.99
PL/579/EXP/ES/2015,"Petromax, S.A. de C.V.",Petromax precio mercado,25.70392,-100.3196,"25.70392,-100.3196",23.99
PL/581/EXP/ES/2015,"Petromax, S.A. de C.V.",Petromax precio mercado,25.86027,-100.2367,"25.86027,-100.2367",23.99
PL/586/EXP/ES/2015,"Petromax, S.A. de C.V.",Petromax precio mercado,25.75324,-100.2974,"25.75324,-100.2974",23.99
PL/587/EXP/ES/2015,"Petromax, S.A. de C.V.",Petromax precio mercado,25.66529,-100.4599,"25.66529,-100.4599",23.99
PL/588/EXP/ES/2015,"Petromax, S.A. de C.V.",Petromax precio mercado,25.69306,-100.5097,"25.69306,-100.5097",23.99
PL/589/EXP/ES/2015,"Petromax, S.A. de C.V.",Petromax precio mercado,25.78637,-100.3206,"25.78637,-100.3206",23.99
PL/590/EXP/ES/2015,"Petromax, S.A. de C.V.",Petromax precio mercado,25.82625,-100.2963,"25.82625,-100.2963",23.99
PL/594/EXP/ES/2015,"Petromax, S.A. de C.V.",Petromax cara,25.70155,-100.1302,"25.70155,-100.1302",24.14
PL/595/EXP/ES/2015,"Petromax, S.A. de C.V.",Petromax precio mercado,25.69789,-100.4674,"25.69789,-100.4674",23.99
PL/596/EXP/ES/2015,"Petromax, S.A. de C.V.",Petromax precio mercado,25.76412,-100.243,"25.76412,-100.243",23.99
PL/597/EXP/ES/2015,"Petromax, S.A. de C.V.",Petromax precio mercado,25.78744,-100.5805,"25.78744,-100.5805",23.99
PL/599/EXP/ES/2015,"Petromax, S.A. de C.V.",Petromax precio mercado,25.73661,-100.2871,"25.73661,-100.2871",23.99
PL/600/EXP/ES/2015,"Petromax, S.A. de C.V.",Petromax precio mercado,25.73068,-100.253,"25.73068,-100.253",23.99
PL/602/EXP/ES/2015,"Petromax, S.A. de C.V.",Petromax precio mercado,25.67348,-100.3921,"25.67348,-100.3921",23.99
PL/603/EXP/ES/2015,"Petromax, S.A. de C.V.",Petromax precio mercado,25.82103,-100.264,"25.82103,-100.264",23.99
PL/606/EXP/ES/2015,"Petromax, S.A. de C.V.",Petromax precio mercado,25.76518,-100.397,"25.76518,-100.397",23.99
PL/608/EXP/ES/2015,"Petromax, S.A. de C.V.",Petromax precio mercado,25.68494,-100.2729,"25.68494,-100.2729",23.99
PL/609/EXP/ES/2015,"Petromax, S.A. de C.V.",Petromax precio mercado,25.78408,-100.2486,"25.78408,-100.2486",23.99
PL/613/EXP/ES/2015,"Petromax, S.A. de C.V.",Petromax precio mercado,25.76551,-100.2887,"25.76551,-100.2887",23.99
PL/621/EXP/ES/2015,"Petromax, S.A. de C.V.",Petromax precio mercado,25.84843,-100.245,"25.84843,-100.245",23.99
PL/624/EXP/ES/2015,"Petromax, S.A. de C.V.",Petromax precio mercado,25.76576,-100.3987,"25.76576,-100.3987",23.99
PL/1279/EXP/ES/2015,"Petromax, S.A. de C.V.",Petromax precio mercado,25.66074,-100.3989,"25.66074,-100.3989",23.99
PL/1281/EXP/ES/2015,"Petromax, S.A. de C.V.",Petromax precio mercado,25.78245,-100.5763,"25.78245,-100.5763",23.99
PL/1282/EXP/ES/2015,"Petromax, S.A. de C.V.",Petromax precio mercado,25.69165,-100.2215,"25.69165,-100.2215",23.99
PL/1284/EXP/ES/2015,"Petromax, S.A. de C.V.",Petromax precio mercado,25.79136,-100.3057,"25.79136,-100.3057",23.99
PL/1285/EXP/ES/2015,"Petromax, S.A. de C.V.",Petromax precio mercado,25.69271,-100.4569,"25.69271,-100.4569",23.99
PL/1289/EXP/ES/2015,"Petromax, S.A. de C.V.",Petromax precio mercado,25.71895,-100.2366,"25.71895,-100.2366",23.99
PL/1290/EXP/ES/2015,"Petromax, S.A. de C.V.",Petromax precio mercado,25.65398,-100.2943,"25.65398,-100.2943",23.99
PL/911/EXP/ES/2015,Servicio Ceiva S.A. de C.V.,Resto mercado,25.66477,-100.2089,"25.66477,-100.2089",23.99
PL/917/EXP/ES/2015,Servicio Miraloma S.A. de C.V,Resto mercado,25.66877,-100.2346,"25.66877,-100.2346",23.99
PL/989/EXP/ES/2015,"Solo Gas, S.A. de C.V.",Resto mercado,25.79759,-100.3387,"25.79759,-100.3387",23.96
PL/1341/EXP/ES/2015,Gonzalo Luis Gonzalez Ayala,Resto mercado,25.67504,-100.4293,"25.67504,-100.4293",
PL/1557/EXP/ES/2015,Dimafer Gasolineras S.A. de C.V-,Resto mercado,25.66969,-100.2358,"25.66969,-100.2358",23.99
PL/1595/EXP/ES/2015,"Mongas, S.A. de C.V.",Resto mercado,25.74463,-100.1612,"25.74463,-100.1612",23.99
PL/1598/EXP/ES/2015,"Mongas, S.A. de C.V.",Resto mercado,25.74097,-100.1672,"25.74097,-100.1672",23.99
PL/1635/EXP/ES/2015,Gasolinera Solidaridad S.A. de C.V.,Resto mercado,25.77544,-100.3875,"25.77544,-100.3875",23.74
PL/1636/EXP/ES/2015,"Gasolinería Solidaridad Ii, S.A. de C.V.",Resto mercado,25.77445,-100.4007,"25.77445,-100.4007",23.74
PL/1698/EXP/ES/2015,Servicio Express Aeropuerto S.A. de C.V.,Resto mercado,25.87509,-100.2277,"25.87509,-100.2277",23.99
PL/1717/EXP/ES/2015,Estacion el Sesteo S.A. de C.V.,Resto mercado,25.93134,-100.2263,"25.93134,-100.2263",23.99
PL/1840/EXP/ES/2015,Energeticos de la Laguna Sa de Cv,Resto mercado,25.796,-100.5856,"25.796,-100.5856",
PL/1917/EXP/ES/2015,"Petromax, S.A. de C.V.",Petromax precio mercado,25.60259,-99.97349,"25.60259,-99.97349",23.99
PL/1923/EXP/ES/2015,Energeticos de la Laguna Sa de Cv,Resto mercado,25.82711,-100.2873,"25.82711,-100.2873",
PL/1938/EXP/ES/2015,"Operadora Esse, S.A. de C.V.",Resto mercado,25.64234,-100.1638,"25.64234,-100.1638",23.59
PL/1953/EXP/ES/2015,Energeticos de la Laguna Sa de Cv,Resto mercado,25.76334,-100.2424,"25.76334,-100.2424",
PL/1956/EXP/ES/2015,Gasolinera Santa Anita S.A. de C.V.,Resto mercado,25.62417,-100.0649,"25.62417,-100.0649",
PL/1958/EXP/ES/2015,Energeticos de la Laguna Sa de Cv,Resto mercado,25.7585,-100.2651,"25.7585,-100.2651",
PL/1974/EXP/ES/2015,Energeticos de la Laguna Sa de Cv,Resto mercado,25.67957,-100.112,"25.67957,-100.112",
PL/2150/EXP/ES/2015,Orsan del Norte S.A. de C.V.,Resto mercado,25.6662,-100.2675,"25.6662,-100.2675",23.99
PL/2152/EXP/ES/2015,Orsan del Norte S.A. de C.V.,Resto mercado,25.72775,-100.3494,"25.72775,-100.3494",23.79
PL/2153/EXP/ES/2015,Orsan del Norte S.A. de C.V.,Resto mercado,25.72265,-100.2041,"25.72265,-100.2041",23.99
PL/2156/EXP/ES/2015,Orsan del Norte S.A. de C.V.,Resto mercado,25.71598,-100.249,"25.71598,-100.249",23.99
PL/2157/EXP/ES/2015,Orsan del Norte S.A. de C.V.,Resto mercado,25.74164,-100.4143,"25.74164,-100.4143",23.99
PL/2185/EXP/ES/2015,Servicio Garcia Ancira S A,Resto mercado,25.80131,-100.3155,"25.80131,-100.3155",23.19
PL/2245/EXP/ES/2015,Orsan del Norte S.A. de C.V.,Resto mercado,25.76164,-100.2941,"25.76164,-100.2941",23.99
PL/2247/EXP/ES/2015,Orsan del Norte S.A. de C.V.,Resto mercado,25.62157,-100.2867,"25.62157,-100.2867",23.99
PL/2248/EXP/ES/2015,Orsan del Norte S.A. de C.V.,Resto mercado,25.66944,-100.2906,"25.66944,-100.2906",23.79
PL/2249/EXP/ES/2015,Orsan del Norte S.A. de C.V.,Resto mercado,25.68117,-100.3576,"25.68117,-100.3576",23.99
PL/2250/EXP/ES/2015,Orsan del Norte S.A. de C.V.,Resto mercado,25.66791,-100.3451,"25.66791,-100.3451",23.89
PL/2253/EXP/ES/2015,Orsan del Norte S.A. de C.V.,Resto mercado,25.71555,-100.2844,"25.71555,-100.2844",23.79
PL/2255/EXP/ES/2015,Orsan del Norte S.A. de C.V.,Resto mercado,25.62888,-100.2965,"25.62888,-100.2965",23.99
PL/2257/EXP/ES/2015,Orsan del Norte S.A. de C.V.,Resto mercado,25.62422,-100.2758,"25.62422,-100.2758",23.99
PL/2258/EXP/ES/2015,Orsan del Norte S.A. de C.V.,Resto mercado,25.86805,-100.2312,"25.86805,-100.2312",23.99
PL/2263/EXP/ES/2015,Orsan del Norte S.A. de C.V.,Resto mercado,25.70924,-100.1942,"25.70924,-100.1942",23.89
PL/2358/EXP/ES/2015,Servicio Garcia Ancira S A,Resto mercado,25.72698,-100.3909,"25.72698,-100.3909",23.19
PL/2362/EXP/ES/2015,"Servicio Guajardo, S.A. de C.V.",Resto mercado,25.74483,-100.1751,"25.74483,-100.1751",23.99
PL/2395/EXP/ES/2015,"Servicio Cesar Ivan, S.A. de C.V.",Resto mercado,25.82071,-100.2212,"25.82071,-100.2212",23.99
PL/2459/EXP/ES/2015,Turismo y Combustibles Sa de Cv,Resto mercado,25.66379,-100.3822,"25.66379,-100.3822",
PL/2464/EXP/ES/2015,Servicios de Gasolina Santos S.A. de C.V.,Resto mercado,25.67447,-100.3759,"25.67447,-100.3759",23.99
PL/2473/EXP/ES/2015,"Servicios Chimabel, S.A. de C.V.",Resto mercado,25.67981,-100.3165,"25.67981,-100.3165",23.98
PL/2474/EXP/ES/2015,"Servicios Chimabel, S.A. de C.V.",Resto mercado,25.73617,-100.3035,"25.73617,-100.3035",23.8
PL/2475/EXP/ES/2015,"Servicios Chimabel, S.A. de C.V.",Resto mercado,25.68686,-100.3427,"25.68686,-100.3427",22.99
PL/2476/EXP/ES/2015,"Servicios Chimabel, S.A. de C.V.",Resto mercado,25.70692,-100.1997,"25.70692,-100.1997",23.99
PL/2484/EXP/ES/2015,"Gasolinera Anahuac , S.A. de C.V.",Resto mercado,25.7364,-100.3044,"25.7364,-100.3044",23.79
PL/2545/EXP/ES/2015,"Servicios Chimabel, S.A. de C.V.",Resto mercado,25.69972,-100.3248,"25.69972,-100.3248",23.89
PL/2546/EXP/ES/2015,"Servicios Chimabel, S.A. de C.V.",Resto mercado,25.73454,-100.3738,"25.73454,-100.3738",23.89
PL/2547/EXP/ES/2015,"Servicios Chimabel, S.A. de C.V.",Resto mercado,25.75474,-100.2768,"25.75474,-100.2768",23.89
PL/2548/EXP/ES/2015,"Servicios Chimabel, S.A. de C.V.",Resto mercado,25.6776,-100.3203,"25.6776,-100.3203",23.98
PL/2601/EXP/ES/2015,"Servicios Gasolineros de Mexico, S.A. de C.V.",Resto mercado,25.66302,-100.2976,"25.66302,-100.2976",23.99
PL/2602/EXP/ES/2015,"Servicios Gasolineros de Mexico, S.A. de C.V.",Resto mercado,25.71178,-100.3499,"25.71178,-100.3499",23.99
PL/2603/EXP/ES/2015,"Servicios Gasolineros de Mexico, S.A. de C.V.",Resto mercado,25.76538,-100.3228,"25.76538,-100.3228",23.99
PL/2604/EXP/ES/2015,"Servicios Gasolineros de Mexico, S.A. de C.V.",Resto mercado,25.76477,-100.3233,"25.76477,-100.3233",23.99
PL/2623/EXP/ES/2015,"Super Servicio Las Encinas, S.A. de C.V. Es7454",Resto mercado,25.79507,-100.3092,"25.79507,-100.3092",23.79
PL/2643/EXP/ES/2015,Servicio Guajardo Santo Domingo S.A. de C.V.,Resto mercado,25.75115,-100.2539,"25.75115,-100.2539",23.99
PL/2644/EXP/ES/2015,Energeticos Los Andes S.A. de C.V.,Resto mercado,25.70644,-100.2835,"25.70644,-100.2835",23.99
PL/2680/EXP/ES/2015,"Servicio Tunel Loma Larga, S.A. de C.V.",Resto mercado,25.6649,-100.3348,"25.6649,-100.3348",23.69
PL/2681/EXP/ES/2015,Yligarza S.A. de C.V.,Resto mercado,25.72248,-100.2925,"25.72248,-100.2925",23.99
PL/2684/EXP/ES/2015,"Super Servicio la Republica, S.A. de C.V. Es5192",Resto mercado,25.73898,-100.286,"25.73898,-100.286",23.79
PL/2694/EXP/ES/2015,Gabriel Oswaldo Estrada Navarro,Resto mercado,25.7489,-100.2565,"25.7489,-100.2565",23.99
PL/2698/EXP/ES/2015,Segas Combustibles Sa de Cv,Otra cara,25.78493,-100.2529,"25.78493,-100.2529",24.99
PL/2716/EXP/ES/2015,Gensa Auto Servicio Express S.A. de C.V.,Resto mercado,25.78407,-100.1905,"25.78407,-100.1905",23.79
PL/2722/EXP/ES/2015,Gensa Auto Servicio Express S.A. de C.V.,Resto mercado,25.77878,-100.2031,"25.77878,-100.2031",23.99
PL/2728/EXP/ES/2015,Orsan del Norte S.A. de C.V.,Resto mercado,25.70331,-100.2796,"25.70331,-100.2796",23.99
PL/2729/EXP/ES/2015,Orsan del Norte S.A. de C.V.,Resto mercado,25.65401,-100.3809,"25.65401,-100.3809",23.99
PL/2730/EXP/ES/2015,Orsan del Norte S.A. de C.V.,Resto mercado,25.68603,-100.4738,"25.68603,-100.4738",23.89
PL/2731/EXP/ES/2015,Orsan del Norte S.A. de C.V.,Resto mercado,25.62445,-100.2749,"25.62445,-100.2749",23.99
PL/2752/EXP/ES/2015,"Servicios Gasolineros de Mexico, S.A. de C.V.",Resto mercado,25.69521,-100.2978,"25.69521,-100.2978",23.99
PL/2787/EXP/ES/2015,"Servicios Gasolineros de Mexico, S.A. de C.V.",Resto mercado,25.77541,-100.3815,"25.77541,-100.3815",23.99
PL/2791/EXP/ES/2015,Gensa Auto Servicio Express S.A. de C.V.,Resto mercado,25.80179,-100.1569,"25.80179,-100.1569",23.99
PL/2795/EXP/ES/2015,"Servicios Gasolineros de Mexico, S.A. de C.V.",Resto mercado,25.77799,-100.1839,"25.77799,-100.1839",23.99
PL/2798/EXP/ES/2015,Refinados del Norte S.A. de C.V.,Resto mercado,25.77783,-100.1867,"25.77783,-100.1867",
PL/2814/EXP/ES/2015,"Grupo Cordoba Hernandez, S.A. de C.V.",Resto mercado,25.91336,-100.1833,"25.91336,-100.1833",22.8
PL/2819/EXP/ES/2015,"Auto Servicio Obispado, S.A. de C.V.",Resto mercado,25.67207,-100.3374,"25.67207,-100.3374",22.99
PL/2824/EXP/ES/2015,"Auto Partes Servicio Rogelio, S.A.",Resto mercado,25.67009,-100.3205,"25.67009,-100.3205",23.88
PL/2837/EXP/ES/2015,"Comercializadora 2Gt, S.A. de C.V.",Resto mercado,25.66038,-100.1964,"25.66038,-100.1964",23.88
PL/2844/EXP/ES/2015,"Gasolinera Servicio Modelo, S.A. de C.V.",Resto mercado,25.68155,-100.2947,"25.68155,-100.2947",23.88
PL/2858/EXP/ES/2015,"Grupo Cordoba Hernandez, S.A. de C.V.",Resto mercado,25.62821,-100.1004,"25.62821,-100.1004",22.7
PL/2884/EXP/ES/2015,"Servicios Gasolineros de Mexico, S.A. de C.V.",Resto mercado,25.70178,-100.3166,"25.70178,-100.3166",23.99
PL/2894/EXP/ES/2015,Orsan del Norte S.A. de C.V.,Resto mercado,25.77972,-100.1222,"25.77972,-100.1222",23.99
PL/2919/EXP/ES/2015,"Servicio Garza Flores, S.A. de C.V.",Resto mercado,25.58504,-99.98946,"25.58504,-99.98946",23.99
PL/2928/EXP/ES/2015,Srygas Sa de C V,Resto mercado,25.73358,-100.1991,"25.73358,-100.1991",23.19
PL/2932/EXP/ES/2015,Servicio Topo Chico Sa de Cv,Resto mercado,25.7226,-100.3424,"25.7226,-100.3424",23.19
PL/3020/EXP/ES/2015,"Servicios Gasolineros de Mexico, S.A. de C.V.",Resto mercado,25.68759,-100.2463,"25.68759,-100.2463",23.99
PL/3041/EXP/ES/2015,Servicio Topo Chico Sa de Cv,Resto mercado,25.85589,-100.0224,"25.85589,-100.0224",23.19
PL/3060/EXP/ES/2015,Servicio Topo Chico Sa de Cv,Resto mercado,25.68659,-100.2776,"25.68659,-100.2776",23.19
PL/3065/EXP/ES/2015,Servicio Topo Chico Sa de Cv,Resto mercado,25.74626,-100.3886,"25.74626,-100.3886",23.19
PL/3072/EXP/ES/2015,"Estacion Zone Gas, S.A. de C.V.",Resto mercado,25.59673,-100.0261,"25.59673,-100.0261",23.99
PL/3111/EXP/ES/2015,Ruga Combustibles Sa de Cv,Resto mercado,25.78045,-100.3976,"25.78045,-100.3976",23.99
PL/3112/EXP/ES/2015,Ruga Combustibles Sa de Cv,Resto mercado,25.62969,-100.1755,"25.62969,-100.1755",23.84
PL/3118/EXP/ES/2015,Servicio Parque Fundidora Sa de Cv,Resto mercado,25.68051,-100.2902,"25.68051,-100.2902",23.19
PL/3124/EXP/ES/2015,Ruga Combustibles Sa de Cv,Resto mercado,25.69473,-100.2122,"25.69473,-100.2122",22.99
PL/3126/EXP/ES/2015,Ruga Combustibles Sa de Cv,Resto mercado,25.6877,-100.1883,"25.6877,-100.1883",23.99
PL/3133/EXP/ES/2015,Servicio Parque Fundidora Sa de Cv,Resto mercado,25.67751,-100.4376,"25.67751,-100.4376",23.19
PL/3207/EXP/ES/2015,Servicio Cosmart Valles Sa de Cv,Resto mercado,25.73454,-100.3772,"25.73454,-100.3772",23.99
PL/3367/EXP/ES/2015,Prisciliano Felix Villarreal Cantu,Resto mercado,25.75624,-100.2861,"25.75624,-100.2861",23.97
PL/3385/EXP/ES/2015,"Servicio Bernardo Reyes, S.A. de C.V.",Resto mercado,25.69621,-100.325,"25.69621,-100.325",23.88
PL/3396/EXP/ES/2015,"Gasolinera Servicio Garcia, S.A. de C.V.",Resto mercado,25.68298,-100.3067,"25.68298,-100.3067",23.88
PL/3399/EXP/ES/2015,"Servico Arco Vial, S.A. de C.V.",Resto mercado,25.7044,-100.3318,"25.7044,-100.3318",23.88
PL/3401/EXP/ES/2015,"Gasolinera Chapultepec, S.A. de C.V.",Resto mercado,25.72163,-100.186,"25.72163,-100.186",23.88
PL/3404/EXP/ES/2015,"Servico Arco Vial, S.A. de C.V.",Resto mercado,25.72447,-100.3279,"25.72447,-100.3279",23.88
PL/3406/EXP/ES/2015,"Gasolinera Chapultepec, S.A. de C.V.",Resto mercado,25.7334,-100.2906,"25.7334,-100.2906",23.88
PL/3587/EXP/ES/2015,"Servicios Gasolineros de Mexico, S.A. de C.V.",Resto mercado,25.79546,-100.2937,"25.79546,-100.2937",23.99
PL/3630/EXP/ES/2015,"Gasolinera Garage Monterrey, S.A.",Resto mercado,25.6785,-100.3038,"25.6785,-100.3038",23.88
PL/3631/EXP/ES/2015,"Gasolinera Cerro de la Silla, S.A. de C.V.",Resto mercado,25.64429,-100.2971,"25.64429,-100.2971",23.88
PL/3637/EXP/ES/2015,"Servico Arco Vial, S.A. de C.V.",Resto mercado,25.82946,-100.2592,"25.82946,-100.2592",23.88
PL/3653/EXP/ES/2015,"Servicios Gasolineros de Mexico, S.A. de C.V.",Resto mercado,25.67529,-100.4429,"25.67529,-100.4429",23.99
PL/3811/EXP/ES/2015,"Petromax, S.A. de C.V.",Petromax cara,25.63936,-100.1524,"25.63936,-100.1524",24.14
PL/3812/EXP/ES/2015,"Petromax, S.A. de C.V.",Petromax precio mercado,25.64062,-100.1515,"25.64062,-100.1515",23.99
PL/3835/EXP/ES/2015,"Gasolinera Nuevo Leon, S.A. de C.V.",Resto mercado,25.68728,-100.3357,"25.68728,-100.3357",23.03
PL/3844/EXP/ES/2015,"Gs Gas Pueblo Nuevo, S.A. de C.V.",Resto mercado,25.75385,-100.1693,"25.75385,-100.1693",23.03
PL/3846/EXP/ES/2015,Feda Gas Sa de Cv,Resto mercado,25.68535,-100.4873,"25.68535,-100.4873",23.79
PL/3848/EXP/ES/2015,"Estacion de Servicio Pueblo Nuevo, S.A. de C.V.",Resto mercado,25.76031,-100.1726,"25.76031,-100.1726",23.03
PL/3880/EXP/ES/2015,Servicio Calzada Union Sa de Cv,Resto mercado,25.71362,-100.2484,"25.71362,-100.2484",23.98
PL/3882/EXP/ES/2015,Servicio Calzada Union Sa de Cv,Resto mercado,25.69122,-100.2777,"25.69122,-100.2777",23.98
PL/3885/EXP/ES/2015,Servicio Ayutla Sa de Cv,Resto mercado,25.6608,-100.3009,"25.6608,-100.3009",23.98
PL/3904/EXP/ES/2015,"Gs Gas Ojo de Agua, S.A. de C.V.",Resto mercado,25.7746,-100.2176,"25.7746,-100.2176",23.03
PL/3913/EXP/ES/2015,"Gs Gas Sendero, S.A. de C.V.",Resto mercado,25.7691,-100.3047,"25.7691,-100.3047",23.03
PL/3915/EXP/ES/2015,"Gas Garza Sada, S.A. de C.V.",Resto mercado,25.6646,-100.2971,"25.6646,-100.2971",23.03
PL/3916/EXP/ES/2015,"Gas el Parque, S.A. de C.V.",Resto mercado,25.74263,-100.2178,"25.74263,-100.2178",23.03
PL/3919/EXP/ES/2015,Servicio Gas Lincoln S.A. de C.V.,Resto mercado,25.60749,-100.2696,"25.60749,-100.2696",23.03
PL/3982/EXP/ES/2015,Energeticos Sierra Madre Sa de Cv,Resto mercado,25.60379,-99.98006,"25.60379,-99.98006",23.98
PL/4021/EXP/ES/2015,Central Gasolinera San Geronimo S. A. de C. V.,Resto mercado,25.73824,-100.3259,"25.73824,-100.3259",23.55
PL/4062/EXP/ES/2015,Distribuidora el Calvario S. A. de C. V.,Resto mercado,25.78947,-100.195,"25.78947,-100.195",23.55
PL/4134/EXP/ES/2015,"Mini Express Los Pinos, Sa de Cv",Resto mercado,25.77678,-100.2567,"25.77678,-100.2567",22.99
PL/4157/EXP/ES/2015,"Servicios Gasolineros de Mexico, S.A. de C.V.",Resto mercado,25.80652,-100.5618,"25.80652,-100.5618",23.99
PL/4159/EXP/ES/2015,"Servicios Gasolineros de Mexico, S.A. de C.V.",Resto mercado,25.8022,-100.5863,"25.8022,-100.5863",23.99
PL/4160/EXP/ES/2015,"Estacion de Servicio Lopez Mateos, S.A. de C.V.",Resto mercado,25.71883,-100.2662,"25.71883,-100.2662",23.79
PL/4259/EXP/ES/2015,Servicio Cosmart Mitras Sa de Cv,Resto mercado,25.68799,-100.3467,"25.68799,-100.3467",23.79
PL/4279/EXP/ES/2015,Orsan del Norte S.A. de C.V.,Resto mercado,25.68595,-100.3337,"25.68595,-100.3337",23.79
PL/4294/EXP/ES/2015,"Gas Huinala, S.A. de C.V.",Resto mercado,25.72147,-100.3428,"25.72147,-100.3428",23.03
PL/4498/EXP/ES/2015,"Servicios Gasolineros de Mexico, S.A. de C.V.",Resto mercado,25.72992,-100.2745,"25.72992,-100.2745",23.99
PL/4527/EXP/ES/2015,"Petromax, S.A. de C.V.",Petromax precio mercado,25.74268,-100.3118,"25.74268,-100.3118",23.99
PL/4530/EXP/ES/2015,"Petromax, S.A. de C.V.",Petromax precio mercado,25.6599,-100.3562,"25.6599,-100.3562",23.99
PL/4536/EXP/ES/2015,"Servicios Gasolineros de Mexico, S.A. de C.V.",Resto mercado,25.77868,-100.1217,"25.77868,-100.1217",23.99
PL/4547/EXP/ES/2015,"Petromax, S.A. de C.V.",Petromax precio mercado,25.67471,-100.4206,"25.67471,-100.4206",23.99
PL/4568/EXP/ES/2015,"Servicios Cumbres, S.A. de C.V.",Resto mercado,25.71691,-100.384,"25.71691,-100.384",23.99
PL/4573/EXP/ES/2015,"Petromax, S.A. de C.V.",Petromax precio mercado,25.76933,-100.4036,"25.76933,-100.4036",23.99
PL/4528/EXP/ES/2015,"Energéticos Guadalupe, S.A. de C.V.",Resto mercado,25.64684,-100.1797,"25.64684,-100.1797",
PL/4622/EXP/ES/2015,"Gasolinera Santa Catarina, S.A. de C.V.",Resto mercado,25.69418,-100.5139,"25.69418,-100.5139",23.69
PL/4672/EXP/ES/2015,Energeticos Lopez Mateos Sa de Cv,Resto mercado,25.69074,-100.2135,"25.69074,-100.2135",22.89
PL/4828/EXP/ES/2015,Mygo Energy S.A. de C.V.,Resto mercado,25.72415,-100.2234,"25.72415,-100.2234",23.99
PL/4852/EXP/ES/2015,"Servicios Gasolineros de Mexico, S.A. de C.V.",Resto mercado,25.66787,-100.1772,"25.66787,-100.1772",23.99
PL/4858/EXP/ES/2015,"Servicio la Cuchilla, S. A. de C. V.",Resto mercado,25.75564,-100.2455,"25.75564,-100.2455",23.99
PL/4859/EXP/ES/2015,"Servicio Valles de Santo Domingo, S. A. de C. V.",Resto mercado,25.75225,-100.2624,"25.75225,-100.2624",23.99
PL/4921/EXP/ES/2015,"Super Servicio Jardines, S. A. de C. V.",Resto mercado,25.74314,-100.2637,"25.74314,-100.2637",23.99
PL/4925/EXP/ES/2015,"Estacion Las Palomas, S. A. de C. V.",Resto mercado,25.68472,-100.2299,"25.68472,-100.2299",23.99
PL/5061/EXP/ES/2015,Servicio Gas Lincoln S.A. de C.V.,Resto mercado,25.72145,-100.2806,"25.72145,-100.2806",23.03
PL/5062/EXP/ES/2015,Estacion de Servicio Los Angeles Sa de Cv,Resto mercado,25.71785,-100.3101,"25.71785,-100.3101",23.99
PL/5075/EXP/ES/2015,Auto Servicios Gasher S.A. de C.V.,Resto mercado,25.6926,-100.2456,"25.6926,-100.2456",
PL/5241/EXP/ES/2015,Orsan del Norte S.A. de C.V.,Resto mercado,25.69077,-100.2873,"25.69077,-100.2873",23.99
PL/5243/EXP/ES/2015,Organizacion Pego Juarez Sa de Cv,Resto mercado,25.65291,-100.1116,"25.65291,-100.1116",23.99
PL/5292/EXP/ES/2015,"Servicios Gasolineros de Mexico, S.A. de C.V.",Resto mercado,25.67644,-100.2981,"25.67644,-100.2981",23.99
PL/5294/EXP/ES/2015,Hidrocarburos Las Quintas Sa de Cv,Resto mercado,25.6902,-100.2126,"25.6902,-100.2126",22.89
PL/5296/EXP/ES/2015,"Servicio Colinas, S.A. de C.V.",Resto mercado,25.69548,-100.3807,"25.69548,-100.3807",
PL/5398/EXP/ES/2015,"Estacion 2131, S. A. de C. V.",Resto mercado,25.67952,-100.2579,"25.67952,-100.2579",23.99
PL/5496/EXP/ES/2015,"Monte Cadiz, S. A. de C. V.",Resto mercado,25.61137,-100.0486,"25.61137,-100.0486",23.49
PL/5559/EXP/ES/2015,"Comercializadora Diafer, S.A. de C.V.",Resto mercado,25.6611,-100.2528,"25.6611,-100.2528",23.99
PL/5594/EXP/ES/2015,"Gasolinera 3 Caminos, S. A. de C. V.",Resto mercado,25.66904,-100.1784,"25.66904,-100.1784",23.99
PL/5659/EXP/ES/2015,Hr Sol Servicios Administrativos Fondo 3 S.A de C.V.,Resto mercado,25.72219,-100.2147,"25.72219,-100.2147",23.99
PL/5661/EXP/ES/2015,"Comercializadora Cmba, S.A.P.I. de C.V.",Resto mercado,25.67477,-100.4545,"25.67477,-100.4545",23.99
PL/5709/EXP/ES/2015,Refinados Huinala Sa de Cv,Resto mercado,25.72884,-100.1456,"25.72884,-100.1456",23.39
PL/5767/EXP/ES/2015,"Servicio Vic Mar Tepeyac, S. A. de C. V.",Resto mercado,25.69184,-100.4576,"25.69184,-100.4576",
PL/5825/EXP/ES/2015,Grupo Os la Palma Sa de Cv,Resto mercado,25.57847,-100.0039,"25.57847,-100.0039",23.95
PL/5828/EXP/ES/2015,Grupo Os la Palma Sa de Cv,Resto mercado,25.60084,-99.97197,"25.60084,-99.97197",23.89
PL/5861/EXP/ES/2015,"Gasolinera Bosques del Valle, S.A. de C.V.",Resto mercado,25.63652,-100.3755,"25.63652,-100.3755",
PL/5891/EXP/ES/2015,Gas 53 Sa de Cv,Resto mercado,25.82963,-100.406,"25.82963,-100.406",23.99
PL/5893/EXP/ES/2015,Gasolineria Dafer Sa de Cv,Resto mercado,25.64892,-100.2741,"25.64892,-100.2741",23.98
PL/5902/EXP/ES/2015,Gasolineria el Peñon Sa de Cv,Resto mercado,25.65727,-100.2224,"25.65727,-100.2224",23.98
PL/5957/EXP/ES/2015,Sergio Xavier Garcia Ancira,Resto mercado,25.7957,-100.3898,"25.7957,-100.3898",23.19
PL/6004/EXP/ES/2015,Gosaco Sa de Cv,Resto mercado,25.94336,-100.28,"25.94336,-100.28",23.99
PL/6034/EXP/ES/2015,"Servicios Gasolineros de Mexico, S.A. de C.V.",Resto mercado,25.73042,-100.1865,"25.73042,-100.1865",23.99
PL/6121/EXP/ES/2015,Petro Sav Lincoln S.A. de C.V.,Resto mercado,25.77459,-100.4284,"25.77459,-100.4284",23.99
PL/6123/EXP/ES/2015,Petro Sav Leones S.A. de C.V.,Resto mercado,25.72883,-100.3945,"25.72883,-100.3945",23.99
PL/6157/EXP/ES/2015,"Servicios Gasolineros de Mexico, S.A. de C.V.",Resto mercado,25.64064,-100.2827,"25.64064,-100.2827",23.99
PL/6186/EXP/ES/2015,Petro Express Gpe. Sa de Cv,Resto mercado,25.65442,-100.2088,"25.65442,-100.2088",
PL/6333/EXP/ES/2015,Servicio Ancira Viejo S.A. de C.V.,Resto mercado,25.83554,-100.3119,"25.83554,-100.3119",23.99
PL/6356/EXP/ES/2015,Petro Sav Leones S.A. de C.V.,Resto mercado,25.71421,-100.1673,"25.71421,-100.1673",23.99
PL/6444/EXP/ES/2015,Grupo Gas W S.A. de C.V.,Resto mercado,25.61625,-100.2716,"25.61625,-100.2716",23.98
PL/6447/EXP/ES/2015,Grupo Gas W S.A. de C.V.,Resto mercado,25.72988,-100.3687,"25.72988,-100.3687",23.79
PL/6472/EXP/ES/2015,"Petromax, S.A. de C.V.",Petromax precio mercado,25.56279,-99.97826,"25.56279,-99.97826",
PL/6545/EXP/ES/2015,"Petromax, S.A. de C.V.",Petromax precio mercado,25.63417,-100.3063,"25.63417,-100.3063",23.99
PL/6548/EXP/ES/2015,Operadora Zari Sa de Cv,Resto mercado,25.63284,-100.2996,"25.63284,-100.2996",23.99
PL/6549/EXP/ES/2015,Estacion Diaz Ordaz Sa de Cv,Resto mercado,25.67422,-100.4259,"25.67422,-100.4259",23.99
PL/6654/EXP/ES/2015,Gasolinera Cantu Suarez S.A. de C.V.,Resto mercado,25.88611,-100.1016,"25.88611,-100.1016",22.99
PL/6656/EXP/ES/2015,Combustibles Termogas Sa de Cv,Resto mercado,25.66143,-100.1967,"25.66143,-100.1967",23.99
PL/6662/EXP/ES/2015,Combustibles Termogas Sa de Cv,Resto mercado,25.70942,-100.2876,"25.70942,-100.2876",23.99
PL/6791/EXP/ES/2015,Energeticos Enpeco Sa de Cv,Resto mercado,25.9176,-100.1968,"25.9176,-100.1968",22.89
PL/6869/EXP/ES/2015,"Servicios Gasolineros de Mexico, S.A. de C.V.",Resto mercado,25.70643,-100.3143,"25.70643,-100.3143",23.99
PL/6896/EXP/ES/2015,Servicio Lozano Garza Sa de Cv,Resto mercado,25.76918,-100.3161,"25.76918,-100.3161",23.05
PL/6941/EXP/ES/2015,"Servicios Gasolineros de Mexico, S.A. de C.V.",Resto mercado,25.6702,-100.3358,"25.6702,-100.3358",23.99
PL/6972/EXP/ES/2015,Valores Energeticos Comerciales y de Servicios Sa,Resto mercado,25.67029,-100.3298,"25.67029,-100.3298",23.29
PL/7048/EXP/ES/2015,"Hidrocarburos Solidaridad, S.A. de C.V.",Resto mercado,25.67477,-100.3577,"25.67477,-100.3577",23.98
PL/7067/EXP/ES/2015,Grupo Garp Sa de Cv,Resto mercado,25.70504,-100.3334,"25.70504,-100.3334",23.99
PL/7104/EXP/ES/2015,Mini Express Churubusco S.A. de C.V.,Resto mercado,25.68854,-100.2679,"25.68854,-100.2679",23.99
PL/7153/EXP/ES/2015,"Servicios Gasolineros de Mexico, S.A. de C.V.",Resto mercado,25.59838,-100.0284,"25.59838,-100.0284",23.99
PL/7157/EXP/ES/2015,"Servicios Gasolineros de Mexico, S.A. de C.V.",Resto mercado,25.6756,-100.3639,"25.6756,-100.3639",23.99
PL/7160/EXP/ES/2015,"Servicios Gasolineros de Mexico, S.A. de C.V.",Resto mercado,25.71264,-100.3468,"25.71264,-100.3468",23.99
PL/7162/EXP/ES/2015,"Servicios Gasolineros de Mexico, S.A. de C.V.",Resto mercado,25.56582,-100.2392,"25.56582,-100.2392",23.99
PL/7165/EXP/ES/2015,Servicio Vigori Sa de Cv,Resto mercado,25.65583,-100.1309,"25.65583,-100.1309",22.99
PL/7184/EXP/ES/2015,Servicio Los Galenos S a de C V,Resto mercado,25.89355,-100.3501,"25.89355,-100.3501",23.45
PL/7186/EXP/ES/2015,Servicios el Fraile Sa de Cv,Resto mercado,25.94132,-100.4051,"25.94132,-100.4051",22.99
PL/7240/EXP/ES/2015,Edelgas S.A. de C.V.,Resto mercado,25.63395,-100.2728,"25.63395,-100.2728",
PL/7364/EXP/ES/2015,Grupo Gas W S.A. de C.V.,Resto mercado,25.69221,-100.2418,"25.69221,-100.2418",23.49
PL/7489/EXP/ES/2015,"Servicios Gasolineros de Mexico, S.A. de C.V.",Resto mercado,25.70469,-100.3418,"25.70469,-100.3418",23.99
PL/7491/EXP/ES/2015,"Servicios Gasolineros de Mexico, S.A. de C.V.",Resto mercado,25.61094,-100.2707,"25.61094,-100.2707",23.99
PL/7493/EXP/ES/2015,"Servicios Gasolineros de Mexico, S.A. de C.V.",Resto mercado,25.71437,-100.3507,"25.71437,-100.3507",23.99
PL/7496/EXP/ES/2015,"Servicios Gasolineros de Mexico, S.A. de C.V.",Resto mercado,25.68524,-100.4443,"25.68524,-100.4443",23.99
PL/7497/EXP/ES/2015,"Servicios Gasolineros de Mexico, S.A. de C.V.",Resto mercado,25.70812,-100.3558,"25.70812,-100.3558",23.99
PL/7612/EXP/ES/2015,"Servicios Gasolineros de Mexico, S.A. de C.V.",Resto mercado,25.65615,-100.3873,"25.65615,-100.3873",23.99
PL/7615/EXP/ES/2015,"Servicios Gasolineros de Mexico, S.A. de C.V.",Resto mercado,25.67082,-100.3965,"25.67082,-100.3965",23.99
PL/7646/EXP/ES/2015,"Servicios Gasolineros de Mexico, S.A. de C.V.",Resto mercado,25.73676,-100.2069,"25.73676,-100.2069",23.99
PL/7649/EXP/ES/2015,"Servicios Gasolineros de Mexico, S.A. de C.V.",Resto mercado,25.73019,-100.3463,"25.73019,-100.3463",23.99
PL/7651/EXP/ES/2015,"Servicios Gasolineros de Mexico, S.A. de C.V.",Resto mercado,25.74895,-100.2809,"25.74895,-100.2809",23.99
PL/7652/EXP/ES/2015,"Servicios Gasolineros de Mexico, S.A. de C.V.",Resto mercado,25.76253,-100.372,"25.76253,-100.372",23.99
PL/7653/EXP/ES/2015,"Servicios Gasolineros de Mexico, S.A. de C.V.",Resto mercado,25.72169,-100.2028,"25.72169,-100.2028",23.99
PL/7655/EXP/ES/2015,"Servicios Gasolineros de Mexico, S.A. de C.V.",Resto mercado,25.70467,-100.3482,"25.70467,-100.3482",23.99
PL/7656/EXP/ES/2015,"Servicios Gasolineros de Mexico, S.A. de C.V.",Resto mercado,25.70126,-100.3618,"25.70126,-100.3618",23.99
PL/7657/EXP/ES/2015,"Servicios Gasolineros de Mexico, S.A. de C.V.",Resto mercado,25.68672,-100.3307,"25.68672,-100.3307",23.99
PL/7658/EXP/ES/2015,"Servicios Gasolineros de Mexico, S.A. de C.V.",Resto mercado,25.71665,-100.3466,"25.71665,-100.3466",23.99
PL/7660/EXP/ES/2015,"Servicios Gasolineros de Mexico, S.A. de C.V.",Resto mercado,25.7326,-100.2488,"25.7326,-100.2488",23.99
PL/7661/EXP/ES/2015,"Servicios Gasolineros de Mexico, S.A. de C.V.",Resto mercado,25.78969,-100.1463,"25.78969,-100.1463",23.99
PL/7662/EXP/ES/2015,"Servicios Gasolineros de Mexico, S.A. de C.V.",Resto mercado,25.7352,-100.3427,"25.7352,-100.3427",23.99
PL/7664/EXP/ES/2015,"Servicios Gasolineros de Mexico, S.A. de C.V.",Resto mercado,25.74228,-100.5146,"25.74228,-100.5146",23.99
PL/7665/EXP/ES/2015,"Servicios Gasolineros de Mexico, S.A. de C.V.",Resto mercado,25.73783,-100.3506,"25.73783,-100.3506",23.99
PL/7668/EXP/ES/2015,"Servicios Gasolineros de Mexico, S.A. de C.V.",Resto mercado,25.76884,-100.279,"25.76884,-100.279",23.99
PL/7671/EXP/ES/2015,"Servicios Gasolineros de Mexico, S.A. de C.V.",Resto mercado,25.68546,-100.4438,"25.68546,-100.4438",23.99
PL/7677/EXP/ES/2015,"Servicios Gasolineros de Mexico, S.A. de C.V.",Resto mercado,25.78137,-100.3105,"25.78137,-100.3105",23.99
PL/7678/EXP/ES/2015,"Servicios Gasolineros de Mexico, S.A. de C.V.",Resto mercado,25.69303,-100.1831,"25.69303,-100.1831",23.99
PL/7679/EXP/ES/2015,"Servicios Gasolineros de Mexico, S.A. de C.V.",Resto mercado,25.72333,-100.337,"25.72333,-100.337",23.99
PL/7680/EXP/ES/2015,"Servicios Gasolineros de Mexico, S.A. de C.V.",Resto mercado,25.77721,-100.3182,"25.77721,-100.3182",23.99
PL/7757/EXP/ES/2015,"Servicios Gasolineros de Mexico, S.A. de C.V.",Resto mercado,25.73972,-100.2391,"25.73972,-100.2391",23.99
PL/7759/EXP/ES/2015,"Servicios Gasolineros de Mexico, S.A. de C.V.",Resto mercado,25.6489,-100.3294,"25.6489,-100.3294",23.99
PL/7761/EXP/ES/2015,"Servicios Gasolineros de Mexico, S.A. de C.V.",Resto mercado,25.75366,-100.2362,"25.75366,-100.2362",23.99
PL/7764/EXP/ES/2015,"Servicios Gasolineros de Mexico, S.A. de C.V.",Resto mercado,25.68617,-100.2688,"25.68617,-100.2688",23.99
PL/7765/EXP/ES/2015,"Servicios Gasolineros de Mexico, S.A. de C.V.",Resto mercado,25.69522,-100.2304,"25.69522,-100.2304",23.99
PL/7766/EXP/ES/2015,"Servicios Gasolineros de Mexico, S.A. de C.V.",Resto mercado,25.65154,-100.1073,"25.65154,-100.1073",23.99
PL/7768/EXP/ES/2015,"Servicios Gasolineros de Mexico, S.A. de C.V.",Resto mercado,25.68273,-100.266,"25.68273,-100.266",23.99
PL/7783/EXP/ES/2015,Pablo Esquivel Laureano,Resto mercado,25.68087,-100.3223,"25.68087,-100.3223",23.88
PL/7784/EXP/ES/2015,Jesus Aguirre Vega,Resto mercado,25.68335,-100.3126,"25.68335,-100.3126",23.88
PL/7785/EXP/ES/2015,"Servicio Obregon, S. de R.L.",Resto mercado,25.68184,-100.2968,"25.68184,-100.2968",23.88
PL/7827/EXP/ES/2015,Servicio Gas Lincoln S.A. de C.V.,Resto mercado,25.77963,-100.4541,"25.77963,-100.4541",23.03
PL/7833/EXP/ES/2015,"Servicios Gasolineros de Mexico, S.A. de C.V.",Resto mercado,25.78962,-100.3053,"25.78962,-100.3053",23.99
PL/7837/EXP/ES/2015,Gas Nuevo Milenio S.A. de C.V.,Resto mercado,25.72365,-100.214,"25.72365,-100.214",23.99
PL/7839/EXP/ES/2015,Gas Nuevo Milenio S.A. de C.V.,Resto mercado,25.73742,-100.3325,"25.73742,-100.3325",23.99
PL/7842/EXP/ES/2015,"Energeticos y Derivados San Roque, S. A. de C. V.",Resto mercado,25.65288,-100.2054,"25.65288,-100.2054",23.99
PL/7849/EXP/ES/2015,"Centro de Servicio Las Palmas, S. A. de C. V.",Resto mercado,25.67532,-100.2131,"25.67532,-100.2131",23.99
PL/7865/EXP/ES/2015,"Servicios Gasolineros de Mexico, S.A. de C.V.",Resto mercado,25.76904,-100.3679,"25.76904,-100.3679",23.99
PL/7866/EXP/ES/2015,"Servicios Gasolineros de Mexico, S.A. de C.V.",Resto mercado,25.7779,-100.3847,"25.7779,-100.3847",23.99
PL/7867/EXP/ES/2015,"Servicios Gasolineros de Mexico, S.A. de C.V.",Resto mercado,25.74677,-100.1918,"25.74677,-100.1918",23.99
PL/7869/EXP/ES/2015,Gas Nuevo Milenio S.A. de C.V.,Resto mercado,25.72575,-100.3535,"25.72575,-100.3535",23.99
PL/7870/EXP/ES/2015,"Servicios Gasolineros de Mexico, S.A. de C.V.",Resto mercado,25.67412,-100.3578,"25.67412,-100.3578",23.99
PL/7871/EXP/ES/2015,"Servicios Gasolineros de Mexico, S.A. de C.V.",Resto mercado,25.74775,-100.3446,"25.74775,-100.3446",23.99
PL/7872/EXP/ES/2015,Gas Nuevo Milenio S.A. de C.V.,Resto mercado,25.68884,-100.3164,"25.68884,-100.3164",23.99
PL/7873/EXP/ES/2015,Gas Nuevo Milenio S.A. de C.V.,Resto mercado,25.74626,-100.2602,"25.74626,-100.2602",23.99
PL/7874/EXP/ES/2015,Gas Nuevo Milenio S.A. de C.V.,Resto mercado,25.78592,-100.3771,"25.78592,-100.3771",23.99
PL/7875/EXP/ES/2015,"Servicios Gasolineros de Mexico, S.A. de C.V.",Resto mercado,25.69057,-100.5022,"25.69057,-100.5022",23.99
PL/7876/EXP/ES/2015,"Servicios Gasolineros de Mexico, S.A. de C.V.",Resto mercado,25.65534,-100.081,"25.65534,-100.081",23.99
PL/7877/EXP/ES/2015,Gas Nuevo Milenio S.A. de C.V.,Resto mercado,25.75511,-100.2832,"25.75511,-100.2832",23.69
PL/7878/EXP/ES/2015,Gas Nuevo Milenio S.A. de C.V.,Resto mercado,25.7012,-100.2402,"25.7012,-100.2402",23.99
PL/7879/EXP/ES/2015,Gas Nuevo Milenio S.A. de C.V.,Resto mercado,25.65189,-100.0822,"25.65189,-100.0822",23.99
PL/7880/EXP/ES/2015,Gas Nuevo Milenio S.A. de C.V.,Resto mercado,25.64173,-100.0938,"25.64173,-100.0938",23.99
PL/7881/EXP/ES/2015,Gas Nuevo Milenio S.A. de C.V.,Resto mercado,25.83026,-100.2456,"25.83026,-100.2456",23.69
PL/7882/EXP/ES/2015,Gas Nuevo Milenio S.A. de C.V.,Resto mercado,25.58915,-100.2529,"25.58915,-100.2529",23.99
PL/7884/EXP/ES/2015,Gas Nuevo Milenio S.A. de C.V.,Resto mercado,25.7597,-100.1658,"25.7597,-100.1658",23.99
PL/7886/EXP/ES/2015,Gas Nuevo Milenio S.A. de C.V.,Resto mercado,25.65704,-100.3023,"25.65704,-100.3023",23.99
PL/7888/EXP/ES/2015,"Petromax, S.A. de C.V.",Petromax precio mercado,25.57028,-100.0145,"25.57028,-100.0145",
PL/7931/EXP/ES/2015,"Servicio Gs Gas, S.A. de C.V.",Resto mercado,25.76172,-100.2625,"25.76172,-100.2625",23.03
PL/7937/EXP/ES/2015,"Servicio Express Lerma, S. A. de C. V.",Resto mercado,25.67445,-100.1977,"25.67445,-100.1977",23.99
PL/7939/EXP/ES/2015,"Servicios Gasolineros de Mexico, S.A. de C.V.",Resto mercado,25.7147,-100.2525,"25.7147,-100.2525",23.99
PL/7944/EXP/ES/2015,"Servicios Gasolineros de Mexico, S.A. de C.V.",Resto mercado,25.6864,-100.2642,"25.6864,-100.2642",23.99
PL/7947/EXP/ES/2015,"Servicios Gasolineros de Mexico, S.A. de C.V.",Resto mercado,25.58733,-100.2587,"25.58733,-100.2587",23.99
PL/7950/EXP/ES/2015,"Servicios Gasolineros de Mexico, S.A. de C.V.",Resto mercado,25.79216,-100.3274,"25.79216,-100.3274",23.99
PL/7954/EXP/ES/2015,"Servicios Gasolineros de Mexico, S.A. de C.V.",Resto mercado,25.78846,-100.3224,"25.78846,-100.3224",23.99
PL/7956/EXP/ES/2015,"Servicios Gasolineros de Mexico, S.A. de C.V.",Resto mercado,25.67683,-100.291,"25.67683,-100.291",23.99
PL/7968/EXP/ES/2015,"Servicios Gasolineros de Mexico, S.A. de C.V.",Resto mercado,25.73307,-100.2102,"25.73307,-100.2102",23.99
PL/7969/EXP/ES/2015,"Servicios Gasolineros de Mexico, S.A. de C.V.",Resto mercado,25.68144,-100.1689,"25.68144,-100.1689",23.99
PL/7970/EXP/ES/2015,"Servicios Gasolineros de Mexico, S.A. de C.V.",Resto mercado,25.69644,-100.2614,"25.69644,-100.2614",23.99
PL/7978/EXP/ES/2015,"Servicios Gasolineros de Mexico, S.A. de C.V.",Resto mercado,25.76765,-100.2416,"25.76765,-100.2416",23.99
PL/7980/EXP/ES/2015,"Servicios Gasolineros de Mexico, S.A. de C.V.",Resto mercado,25.63786,-100.0861,"25.63786,-100.0861",23.99
PL/8040/EXP/ES/2015,"Stop System Gas, S. A. de C. V.",Resto mercado,25.65589,-100.3055,"25.65589,-100.3055",23.99
PL/8049/EXP/ES/2015,"Servicios Gasolineros de Mexico, S.A. de C.V.",Resto mercado,25.59771,-100.2635,"25.59771,-100.2635",23.99
PL/8051/EXP/ES/2015,"Servicios Gasolineros de Mexico, S.A. de C.V.",Resto mercado,25.62562,-100.2734,"25.62562,-100.2734",23.99
PL/8059/EXP/ES/2015,"Servicios Gasolineros de Mexico, S.A. de C.V.",Resto mercado,25.56649,-100.2385,"25.56649,-100.2385",23.99
PL/8063/EXP/ES/2015,"Servicios Gasolineros de Mexico, S.A. de C.V.",Resto mercado,25.68611,-100.493,"25.68611,-100.493",23.99
PL/8066/EXP/ES/2015,"Servicios Gasolineros de Mexico, S.A. de C.V.",Resto mercado,25.7031,-100.2315,"25.7031,-100.2315",23.99
PL/8069/EXP/ES/2015,"Servicios Gasolineros de Mexico, S.A. de C.V.",Resto mercado,25.68611,-100.4691,"25.68611,-100.4691",23.99
PL/8070/EXP/ES/2015,"Servicios Gasolineros de Mexico, S.A. de C.V.",Resto mercado,25.74646,-100.1944,"25.74646,-100.1944",23.99
PL/8071/EXP/ES/2015,"Servicios Gasolineros de Mexico, S.A. de C.V.",Resto mercado,25.8345,-100.2546,"25.8345,-100.2546",23.99
PL/8074/EXP/ES/2015,"Servicios Gasolineros de Mexico, S.A. de C.V.",Resto mercado,25.71949,-100.1801,"25.71949,-100.1801",23.99
PL/8076/EXP/ES/2015,"Servicios Gasolineros de Mexico, S.A. de C.V.",Resto mercado,25.79139,-100.2349,"25.79139,-100.2349",23.99
PL/8077/EXP/ES/2015,"Servicios Gasolineros de Mexico, S.A. de C.V.",Resto mercado,25.7033,-100.2503,"25.7033,-100.2503",23.99
PL/8081/EXP/ES/2015,"Servicios Gasolineros de Mexico, S.A. de C.V.",Resto mercado,25.67446,-100.3329,"25.67446,-100.3329",23.99
PL/8084/EXP/ES/2015,"Servicios Gasolineros de Mexico, S.A. de C.V.",Resto mercado,25.70812,-100.1791,"25.70812,-100.1791",23.99
PL/8088/EXP/ES/2015,"Servicios Gasolineros de Mexico, S.A. de C.V.",Resto mercado,25.65923,-100.146,"25.65923,-100.146",23.99
PL/8091/EXP/ES/2015,"Servicios Gasolineros de Mexico, S.A. de C.V.",Resto mercado,25.71771,-100.2355,"25.71771,-100.2355",23.99
PL/8093/EXP/ES/2015,"Servicios Gasolineros de Mexico, S.A. de C.V.",Resto mercado,25.74138,-100.1583,"25.74138,-100.1583",23.99
PL/8094/EXP/ES/2015,Servicio Galeana Sa de Cv,Resto mercado,25.58573,-100.2565,"25.58573,-100.2565",23.99
PL/8168/EXP/ES/2015,"Servicios Gasolineros de Mexico, S.A. de C.V.",Resto mercado,25.64872,-100.1893,"25.64872,-100.1893",23.99
PL/8172/EXP/ES/2015,"Servicios Gasolineros de Mexico, S.A. de C.V.",Resto mercado,25.82126,-100.3214,"25.82126,-100.3214",23.99
PL/8173/EXP/ES/2015,Servicio Galeana Sa de Cv,Resto mercado,25.68298,-100.4852,"25.68298,-100.4852",23.99
PL/8174/EXP/ES/2015,Servicio Galeana Sa de Cv,Resto mercado,25.66196,-100.1524,"25.66196,-100.1524",23.99
PL/8195/EXP/ES/2015,"Servicios Gasolineros de Mexico, S.A. de C.V.",Resto mercado,25.78071,-100.1979,"25.78071,-100.1979",23.99
PL/8197/EXP/ES/2015,"Servicios Gasolineros de Mexico, S.A. de C.V.",Resto mercado,25.80285,-100.2766,"25.80285,-100.2766",23.99
PL/8198/EXP/ES/2015,"Servicios Gasolineros de Mexico, S.A. de C.V.",Resto mercado,25.76353,-100.4006,"25.76353,-100.4006",23.99
PL/8199/EXP/ES/2015,"Servicios Gasolineros de Mexico, S.A. de C.V.",Resto mercado,25.70077,-100.1636,"25.70077,-100.1636",23.99
PL/8200/EXP/ES/2015,"Servicios Gasolineros de Mexico, S.A. de C.V.",Resto mercado,25.69741,-100.3565,"25.69741,-100.3565",23.99
PL/8203/EXP/ES/2015,"Servicios Gasolineros de Mexico, S.A. de C.V.",Resto mercado,25.82234,-100.3218,"25.82234,-100.3218",23.99
PL/8204/EXP/ES/2015,"Servicios Gasolineros de Mexico, S.A. de C.V.",Resto mercado,25.69842,-100.2952,"25.69842,-100.2952",23.99
PL/8206/EXP/ES/2015,"Servicios Gasolineros de Mexico, S.A. de C.V.",Resto mercado,25.8148,-100.2172,"25.8148,-100.2172",23.99
PL/8207/EXP/ES/2015,"Servicios Gasolineros de Mexico, S.A. de C.V.",Resto mercado,25.64467,-100.1859,"25.64467,-100.1859",23.99
PL/8209/EXP/ES/2015,"Servicios Gasolineros de Mexico, S.A. de C.V.",Resto mercado,25.66107,-100.3985,"25.66107,-100.3985",23.99
PL/8210/EXP/ES/2015,"Servicios Gasolineros de Mexico, S.A. de C.V.",Resto mercado,25.66235,-100.4583,"25.66235,-100.4583",23.99
PL/8221/EXP/ES/2015,Victor Manuel de Anda Uribe,Resto mercado,25.65837,-100.3649,"25.65837,-100.3649",23.99
PL/8241/EXP/ES/2015,"Servicios Gasolineros de Mexico, S.A. de C.V.",Resto mercado,25.70346,-100.2389,"25.70346,-100.2389",23.99
PL/8243/EXP/ES/2015,"Servicios Gasolineros de Mexico, S.A. de C.V.",Resto mercado,25.70356,-100.3035,"25.70356,-100.3035",23.99
PL/8295/EXP/ES/2015,Sergio Xavier Garcia Ancira,Resto mercado,25.66034,-100.3081,"25.66034,-100.3081",23.19
PL/8336/EXP/ES/2015,"Servicios Gasolineros de Mexico, S.A. de C.V.",Resto mercado,25.67954,-100.2652,"25.67954,-100.2652",23.99
PL/8337/EXP/ES/2015,"Servicios Gasolineros de Mexico, S.A. de C.V.",Resto mercado,25.7835,-100.2256,"25.7835,-100.2256",23.99
PL/8340/EXP/ES/2015,"Servicios Gasolineros de Mexico, S.A. de C.V.",Resto mercado,25.66594,-100.2697,"25.66594,-100.2697",23.99
PL/8344/EXP/ES/2015,"Servicios Gasolineros de Mexico, S.A. de C.V.",Resto mercado,25.68674,-100.3416,"25.68674,-100.3416",23.99
PL/8346/EXP/ES/2015,"Servicios Gasolineros de Mexico, S.A. de C.V.",Resto mercado,25.90576,-100.1614,"25.90576,-100.1614",23.99
PL/8363/EXP/ES/2015,Victor Manuel de Anda Uribe,Resto mercado,25.68479,-100.4801,"25.68479,-100.4801",23.99
PL/8364/EXP/ES/2015,Estacion Plaza Huinala Sa de Cv,Resto mercado,25.74715,-100.1993,"25.74715,-100.1993",23.99
PL/8374/EXP/ES/2015,"Servicios Gasolineros de Mexico, S.A. de C.V.",Resto mercado,25.62039,-100.1052,"25.62039,-100.1052",23.99
PL/8403/EXP/ES/2015,"Servicios Gasolineros de Mexico, S.A. de C.V.",Resto mercado,25.89165,-100.1151,"25.89165,-100.1151",23.99
PL/8425/EXP/ES/2015,"Servicios Gasolineros de Mexico, S.A. de C.V.",Resto mercado,25.74862,-100.5278,"25.74862,-100.5278",23.99
PL/8426/EXP/ES/2015,"Servicios Gasolineros de Mexico, S.A. de C.V.",Resto mercado,25.72678,-100.5349,"25.72678,-100.5349",23.99
PL/8427/EXP/ES/2015,"Servicios Gasolineros de Mexico, S.A. de C.V.",Resto mercado,25.74939,-100.2798,"25.74939,-100.2798",23.99
PL/8437/EXP/ES/2015,"Servicios Gasolineros de Mexico, S.A. de C.V.",Resto mercado,25.78761,-100.4859,"25.78761,-100.4859",23.99
PL/8440/EXP/ES/2015,"Servicios Gasolineros de Mexico, S.A. de C.V.",Resto mercado,25.71432,-100.3087,"25.71432,-100.3087",23.99
PL/8442/EXP/ES/2015,"Servicios Gasolineros de Mexico, S.A. de C.V.",Resto mercado,25.76838,-100.4151,"25.76838,-100.4151",23.99
PL/8443/EXP/ES/2015,"Servicios Gasolineros de Mexico, S.A. de C.V.",Resto mercado,25.87755,-100.2537,"25.87755,-100.2537",23.99
PL/8444/EXP/ES/2015,"Servicios Gasolineros de Mexico, S.A. de C.V.",Resto mercado,25.72267,-100.1408,"25.72267,-100.1408",23.99
PL/8445/EXP/ES/2015,"Servicios Gasolineros de Mexico, S.A. de C.V.",Resto mercado,25.67403,-100.1911,"25.67403,-100.1911",23.99
PL/8446/EXP/ES/2015,"Servicios Gasolineros de Mexico, S.A. de C.V.",Resto mercado,25.67484,-100.1917,"25.67484,-100.1917",23.99
PL/8511/EXP/ES/2015,"Gasolinera 2029, S. A. de C. V.",Resto mercado,25.68238,-100.2774,"25.68238,-100.2774",23.99
PL/8515/EXP/ES/2015,"Energeticos y Lubricantes, S. A. de C. V.",Resto mercado,25.70755,-100.2712,"25.70755,-100.2712",23.89
PL/8517/EXP/ES/2015,"Servicio Lucar, S. A. de C. V.",Resto mercado,25.78931,-100.3219,"25.78931,-100.3219",23.99
PL/8521/EXP/ES/2015,"Morones Servicio Express, S. A. de C. V.",Resto mercado,25.68045,-100.2673,"25.68045,-100.2673",23.99
PL/8566/EXP/ES/2015,"Super Servicio 12052, S.A. de C.V.",Resto mercado,25.68581,-100.3277,"25.68581,-100.3277",23.99
PL/8658/EXP/ES/2015,"Super Servicio Oriente, S. A. de C. V.",Resto mercado,25.70936,-100.1925,"25.70936,-100.1925",23.99
PL/8662/EXP/ES/2015,"Servicio San Bernabe, S. A. de C. V.",Resto mercado,25.75733,-100.3982,"25.75733,-100.3982",23.99
PL/8663/EXP/ES/2015,"Servicios Gasolineros de Mexico, S.A. de C.V.",Resto mercado,25.79336,-100.2929,"25.79336,-100.2929",23.99
PL/8687/EXP/ES/2015,Servigas Jimal Sa de Cv,Resto mercado,25.77833,-100.2871,"25.77833,-100.2871",23.79
PL/8688/EXP/ES/2015,"Servicios Gasolineros de Mexico, S.A. de C.V.",Resto mercado,25.68759,-100.2964,"25.68759,-100.2964",23.99
PL/8691/EXP/ES/2015,"Servicios Gasolineros de Mexico, S.A. de C.V.",Resto mercado,25.71088,-100.221,"25.71088,-100.221",23.99
PL/8779/EXP/ES/2015,Estacion de Servicio Pesqueria S.A. de C.V.,Resto mercado,25.78736,-100.0397,"25.78736,-100.0397",23.99
PL/8880/EXP/ES/2015,Servicio Jimal Centro Sa de Cv,Resto mercado,25.67642,-100.3317,"25.67642,-100.3317",23.44
PL/8881/EXP/ES/2015,"Servicios Gasolineros de Mexico, S.A. de C.V.",Resto mercado,25.65621,-100.4496,"25.65621,-100.4496",23.99
PL/8882/EXP/ES/2015,"Servicios Gasolineros de Mexico, S.A. de C.V.",Resto mercado,25.69572,-100.2328,"25.69572,-100.2328",23.99
PL/8883/EXP/ES/2015,"Servicios Gasolineros de Mexico, S.A. de C.V.",Resto mercado,25.67705,-100.4764,"25.67705,-100.4764",23.99
PL/8943/EXP/ES/2015,"Servicios Gasolineros de Mexico, S.A. de C.V.",Resto mercado,25.66674,-100.2801,"25.66674,-100.2801",23.99
PL/9017/EXP/ES/2015,"Servicio Gasa, S. A. de C. V.",Resto mercado,25.74002,-100.3023,"25.74002,-100.3023",23.99
PL/9077/EXP/ES/2015,"Servigaz Colon, S.A. de C.V.",Resto mercado,25.68344,-100.287,"25.68344,-100.287",23.59
PL/9080/EXP/ES/2015,"Servigaz Gonzalitos, S.A. de C.V.",Resto mercado,25.6974,-100.3511,"25.6974,-100.3511",23.49
PL/9082/EXP/ES/2015,"Rga Servigaz, S.A. de C.V.",Resto mercado,25.69955,-100.2934,"25.69955,-100.2934",23.59
PL/9149/EXP/ES/2015,"Servicios Gasolineros de Mexico, S.A. de C.V.",Resto mercado,25.64622,-100.0964,"25.64622,-100.0964",23.99
PL/9150/EXP/ES/2015,"Servicios Gasolineros de Mexico, S.A. de C.V.",Resto mercado,25.60012,-99.97034,"25.60012,-99.97034",23.99
PL/9151/EXP/ES/2015,"Servicios Gasolineros de Mexico, S.A. de C.V.",Resto mercado,25.7739,-100.3811,"25.7739,-100.3811",23.99
PL/9152/EXP/ES/2015,"Servicios Gasolineros de Mexico, S.A. de C.V.",Resto mercado,25.7447,-100.1807,"25.7447,-100.1807",23.99
PL/9153/EXP/ES/2015,"Servicios Gasolineros de Mexico, S.A. de C.V.",Resto mercado,25.67489,-100.3718,"25.67489,-100.3718",23.99
PL/9154/EXP/ES/2015,"Servicios Gasolineros de Mexico, S.A. de C.V.",Resto mercado,25.74801,-100.3858,"25.74801,-100.3858",23.99
PL/9155/EXP/ES/2015,"Servicios Gasolineros de Mexico, S.A. de C.V.",Resto mercado,25.77774,-100.2436,"25.77774,-100.2436",23.99
PL/9156/EXP/ES/2015,"Servicios Gasolineros de Mexico, S.A. de C.V.",Resto mercado,25.65578,-100.1821,"25.65578,-100.1821",23.99
PL/9157/EXP/ES/2015,"Servicios Gasolineros de Mexico, S.A. de C.V.",Resto mercado,25.68669,-100.3123,"25.68669,-100.3123",23.99
PL/9158/EXP/ES/2015,"Servicios Gasolineros de Mexico, S.A. de C.V.",Resto mercado,25.78467,-100.2669,"25.78467,-100.2669",23.99
PL/9161/EXP/ES/2015,"Servicios Gasolineros de Mexico, S.A. de C.V.",Resto mercado,25.64812,-100.1885,"25.64812,-100.1885",23.99
PL/9163/EXP/ES/2015,"Servicios Gasolineros de Mexico, S.A. de C.V.",Resto mercado,25.759,-100.2964,"25.759,-100.2964",23.99
PL/9164/EXP/ES/2015,"Servicios Gasolineros de Mexico, S.A. de C.V.",Resto mercado,25.78554,-100.3018,"25.78554,-100.3018",23.99
PL/9167/EXP/ES/2015,"Servicios Gasolineros de Mexico, S.A. de C.V.",Resto mercado,25.69639,-100.1431,"25.69639,-100.1431",23.99
PL/9169/EXP/ES/2015,"Servicios Gasolineros de Mexico, S.A. de C.V.",Resto mercado,25.68346,-100.3162,"25.68346,-100.3162",23.99
PL/9170/EXP/ES/2015,"Servicios Gasolineros de Mexico, S.A. de C.V.",Resto mercado,25.6489,-100.1435,"25.6489,-100.1435",23.99
PL/9172/EXP/ES/2015,"Servicios Gasolineros de Mexico, S.A. de C.V.",Resto mercado,25.58971,-100.2495,"25.58971,-100.2495",23.99
PL/9173/EXP/ES/2015,"Servicios Gasolineros de Mexico, S.A. de C.V.",Resto mercado,25.80798,-100.3897,"25.80798,-100.3897",23.99
PL/9174/EXP/ES/2015,"Servicios Gasolineros de Mexico, S.A. de C.V.",Resto mercado,25.70952,-100.1816,"25.70952,-100.1816",23.99
PL/9175/EXP/ES/2015,"Servicios Gasolineros de Mexico, S.A. de C.V.",Resto mercado,25.62226,-100.2813,"25.62226,-100.2813",23.99
PL/9263/EXP/ES/2015,"Servicios Gasolineros de Mexico, S.A. de C.V.",Resto mercado,25.74791,-100.202,"25.74791,-100.202",23.99
PL/9303/EXP/ES/2015,"Servicios Gasolineros de Mexico, S.A. de C.V.",Resto mercado,25.7808,-100.2858,"25.7808,-100.2858",23.99
PL/9354/EXP/ES/2015,"Petromax, S.A. de C.V.",Petromax precio mercado,25.5926,-100.0126,"25.5926,-100.0126",
PL/9357/EXP/ES/2015,"Servicio 4949, S. A. de C. V.",Resto mercado,25.70624,-100.1666,"25.70624,-100.1666",23.01
PL/9408/EXP/ES/2015,Estación de Servicio Lienzo Charro S. A. de C. V.,Resto mercado,25.80531,-100.2247,"25.80531,-100.2247",23.99
PL/9492/EXP/ES/2015,"Energeticos del Altiplano, S.A. de C.V.",Resto mercado,25.7733,-100.201,"25.7733,-100.201",23.99
PL/9502/EXP/ES/2015,"Energeticos del Altiplano, S.A. de C.V.",Resto mercado,25.81151,-100.2499,"25.81151,-100.2499",23.99
PL/9526/EXP/ES/2015,Orsan del Norte S.A. de C.V.,Resto mercado,25.66188,-100.4514,"25.66188,-100.4514",23.89
PL/9553/EXP/ES/2015,"Servicios Gasolineros de Mexico, S.A. de C.V.",Resto mercado,25.75174,-100.2593,"25.75174,-100.2593",23.99
PL/9554/EXP/ES/2015,"Servicios Gasolineros de Mexico, S.A. de C.V.",Resto mercado,25.79733,-100.3818,"25.79733,-100.3818",23.99
PL/9561/EXP/ES/2015,"Servicios Gasolineros de Mexico, S.A. de C.V.",Resto mercado,25.66642,-100.2798,"25.66642,-100.2798",23.99
PL/9579/EXP/ES/2015,Servicio en Guerrero Norte Sa de Cv,Resto mercado,25.70564,-100.3099,"25.70564,-100.3099",23.95
PL/9583/EXP/ES/2015,Super Servicio Hercules Sa de Cv,Resto mercado,25.70276,-100.2503,"25.70276,-100.2503",23.95
PL/9617/EXP/ES/2015,"Servicios Gasolineros de Mexico, S.A. de C.V.",Resto mercado,25.75644,-100.1535,"25.75644,-100.1535",23.99
PL/9647/EXP/ES/2015,Orsan del Norte S.A. de C.V.,Resto mercado,25.738,-100.3279,"25.738,-100.3279",
PL/9678/EXP/ES/2015,"Energeticos del Altiplano, S.A. de C.V.",Resto mercado,25.70471,-100.1557,"25.70471,-100.1557",23.99
PL/9710/EXP/ES/2015,"Servicios Gasolineros de Mexico, S.A. de C.V.",Resto mercado,25.69675,-100.4538,"25.69675,-100.4538",23.99
PL/9721/EXP/ES/2015,"Servicio Nuevo San Sebastian, S. A. de C. V.",Resto mercado,25.67505,-100.2067,"25.67505,-100.2067",23.99
PL/9766/EXP/ES/2015,"Servicios Gasolineros de Mexico, S.A. de C.V.",Resto mercado,25.65537,-100.2944,"25.65537,-100.2944",23.99
PL/10021/EXP/ES/2015,"Servicios Gasolineros de Mexico, S.A. de C.V.",Resto mercado,25.69357,-100.2139,"25.69357,-100.2139",23.99
PL/10074/EXP/ES/2015,"Mas Gas de Apodaca, S.A. de C.V.",Resto mercado,25.74438,-100.2314,"25.74438,-100.2314",23.79
PL/10177/EXP/ES/2015,Gasolinera Jag Sa de Cv,Resto mercado,25.63519,-100.2818,"25.63519,-100.2818",
PL/10187/EXP/ES/2015,Grupo Sepulveda Elizondo S.A. de C.V.,Resto mercado,25.74853,-100.1297,"25.74853,-100.1297",23.99
PL/10247/EXP/ES/2015,"Petromax, S.A. de C.V.",Petromax precio mercado,25.58308,-99.99425,"25.58308,-99.99425",
PL/10250/EXP/ES/2015,"Servicios Gasolineros de Mexico, S.A. de C.V.",Resto mercado,25.74551,-100.178,"25.74551,-100.178",23.99
PL/10344/EXP/ES/2015,"Servicios Gasolineros de Mexico, S.A. de C.V.",Resto mercado,25.76801,-100.3939,"25.76801,-100.3939",23.99
PL/10354/EXP/ES/2015,"Administradora del Mercado de Abastos Estrella, Sa",Resto mercado,25.71138,-100.2911,"25.71138,-100.2911",
PL/9945/EXP/ES/2015,Yligarza S.A. de C.V.,Resto mercado,25.77071,-100.2647,"25.77071,-100.2647",23.99
PL/10617/EXP/ES/2015,"Miniexpress Mexico Norte, S de Rl de Cv",Resto mercado,25.64972,-100.1888,"25.64972,-100.1888",23.49
PL/10800/EXP/ES/2015,Carlos Adan Guerra Guerra,Resto mercado,25.64112,-100.0902,"25.64112,-100.0902",22.99
PL/10845/EXP/ES/2015,"Servicios Gasolineros de Mexico, S.A. de C.V.",Resto mercado,25.73729,-100.3671,"25.73729,-100.3671",23.99
PL/10874/EXP/ES/2015,"Servicios Gasolineros de Mexico, S.A. de C.V.",Resto mercado,25.76288,-100.3051,"25.76288,-100.3051",23.99
PL/10903/EXP/ES/2015,"Servicios Gasolineros de Mexico, S.A. de C.V.",Resto mercado,25.72548,-100.2585,"25.72548,-100.2585",23.99
PL/10931/EXP/ES/2015,Isigas Guadalupe Sa de Cv,Resto mercado,25.66982,-100.1706,"25.66982,-100.1706",23.59
PL/10958/EXP/ES/2015,"Servicio Plaza Jardin, S.A. de C.V.",Resto mercado,25.61994,-100.2712,"25.61994,-100.2712",23.99
PL/10961/EXP/ES/2015,"Servicio Plaza Jardin, S.A. de C.V.",Resto mercado,25.70716,-100.2837,"25.70716,-100.2837",23.99
PL/10963/EXP/ES/2015,"Servicio Plaza Jardin, S.A. de C.V.",Resto mercado,25.67811,-100.2314,"25.67811,-100.2314",23.99
PL/10967/EXP/ES/2015,"Servicio Plaza Jardin, S.A. de C.V.",Resto mercado,25.68281,-100.2653,"25.68281,-100.2653",23.99
PL/11021/EXP/ES/2015,Llantygas Sa de Cv,Resto mercado,25.71722,-100.3449,"25.71722,-100.3449",23.89
PL/11232/EXP/ES/2015,Estacion Energetica Los Angeles Sa de Cv,Resto mercado,25.70942,-100.3271,"25.70942,-100.3271",23.79
PL/11308/EXP/ES/2015,Santa Fe Gas&Oil Sa de Cv,Resto mercado,25.5594,-100.0068,"25.5594,-100.0068",22.2
PL/11348/EXP/ES/2015,"Gasolineria Peña, S.A. de C.V.",Resto mercado,25.79861,-100.0912,"25.79861,-100.0912",
PL/11414/EXP/ES/2015,"Petromax, S.A. de C.V.",Petromax precio mercado,25.67444,-100.2132,"25.67444,-100.2132",23.99
PL/11447/EXP/ES/2015,"Servicios Gasolineros de Mexico, S.A. de C.V.",Resto mercado,25.7771,-100.1824,"25.7771,-100.1824",23.99
PL/11480/EXP/ES/2015,Carlos Enrique Batarse Mena,Resto mercado,25.82875,-100.2304,"25.82875,-100.2304",
PL/11968/EXP/ES/2015,Grupo Operador de Minigasolineras Sa de Cv,Resto mercado,25.7725,-100.2597,"25.7725,-100.2597",23.38
PL/11971/EXP/ES/2015,"Servicio Sesamo, S.A. de C.V.",Resto mercado,25.68306,-100.2806,"25.68306,-100.2806",
PL/12030/EXP/ES/2015,Administradora y Controladora de Carburantes Sa De,Resto mercado,25.69079,-100.315,"25.69079,-100.315",23.97
PL/12056/EXP/ES/2015,"Masabasto Gas, S.A. de C.V.",Resto mercado,25.66555,-100.2661,"25.66555,-100.2661",23.99
PL/12551/EXP/ES/2015,"Servicios Gasolineros de Mexico, S.A. de C.V.",Resto mercado,25.70514,-100.3487,"25.70514,-100.3487",23.99
PL/12556/EXP/ES/2015,Arnulfo Fernandez Esparza,Resto mercado,25.81082,-100.6083,"25.81082,-100.6083",23.5
PL/12570/EXP/ES/2015,"Servicio Plaza Jardin, S.A. de C.V.",Resto mercado,25.66198,-100.3138,"25.66198,-100.3138",23.99
PL/12571/EXP/ES/2015,Super Servicios la Villa de Guadalupe S.A. de C.V.,Resto mercado,25.67917,-100.2625,"25.67917,-100.2625",22.7
PL/12593/EXP/ES/2015,"Petromax, S.A. de C.V.",Petromax precio mercado,25.67186,-100.3329,"25.67186,-100.3329",23.99
PL/12595/EXP/ES/2015,"Petromax, S.A. de C.V.",Petromax precio mercado,25.65422,-100.2775,"25.65422,-100.2775",23.99
PL/12600/EXP/ES/2015,"Servicios Gasolineros de Mexico, S.A. de C.V.",Resto mercado,25.71691,-100.3423,"25.71691,-100.3423",23.99
PL/12641/EXP/ES/2015,Super Servicio Libertad Guadalupe S.A. de C.V.,Resto mercado,25.69056,-100.2506,"25.69056,-100.2506",23.49
PL/12702/EXP/ES/2015,Grupo Gasolinero el Milagro Sa de Cv,Resto mercado,25.70414,-100.2871,"25.70414,-100.2871",
PL/12703/EXP/ES/2015,"Servicios Gasolineros de Mexico, S.A. de C.V.",Resto mercado,25.68443,-100.4365,"25.68443,-100.4365",23.99
PL/12767/EXP/ES/2015,Gustavo Estrada Gonzalez,Resto mercado,25.62556,-100.293,"25.62556,-100.293",23.98
PL/12860/EXP/ES/2015,"Super Servicio Galvan, S. A. de C. V.",Resto mercado,25.70978,-100.264,"25.70978,-100.264",23.99
PL/13413/EXP/ES/2016,"Servicios Gasolineros de Mexico, S.A. de C.V.",Resto mercado,25.68961,-100.3174,"25.68961,-100.3174",23.99
PL/13579/EXP/ES/2016,"Petromax, S.A. de C.V.",Petromax precio mercado,25.5821,-100.0024,"25.5821,-100.0024",23.99
PL/13580/EXP/ES/2016,"Petromax, S.A. de C.V.",Petromax cara,25.81581,-100.1086,"25.81581,-100.1086",24.39
PL/13582/EXP/ES/2016,"Petromax, S.A. de C.V.",Petromax precio mercado,25.84832,-100.2929,"25.84832,-100.2929",23.99
PL/13583/EXP/ES/2016,"Petromax, S.A. de C.V.",Petromax precio mercado,25.79267,-100.3353,"25.79267,-100.3353",23.99
PL/13609/EXP/ES/2016,"Servicios Gasolineros de Mexico, S.A. de C.V.",Resto mercado,25.81698,-100.396,"25.81698,-100.396",23.99
PL/18934/EXP/ES/2016,"Servicios Gasolineros de Mexico, S.A. de C.V.",Resto mercado,25.68647,-100.3233,"25.68647,-100.3233",23.99
PL/18939/EXP/ES/2016,"Combustibles Barrio Antiguo, S.A. de C.V.",Resto mercado,25.66434,-100.3064,"25.66434,-100.3064",23.49
PL/19022/EXP/ES/2016,"Petromax, S.A. de C.V.",Petromax cara,25.63159,-100.128,"25.63159,-100.128",24.14
PL/19147/EXP/ES/2016,"Servicios Gasolineros de Mexico, S.A. de C.V.",Resto mercado,25.65212,-100.1597,"25.65212,-100.1597",23.99
PL/19230/EXP/ES/2016,"Servicios Gasolineros de Mexico, S.A. de C.V.",Resto mercado,25.79909,-100.5698,"25.79909,-100.5698",23.99
PL/19491/EXP/ES/2016,"Gs Gas Q., S.A. de C.V.",Resto mercado,25.66126,-100.2983,"25.66126,-100.2983",23.03
PL/19760/EXP/ES/2016,"Servicios Gasolineros de Mexico, S.A. de C.V.",Resto mercado,25.69251,-100.2684,"25.69251,-100.2684",23.99
PL/19858/EXP/ES/2017,"Servicios Gasolineros de Mexico, S.A. de C.V.",Resto mercado,25.77592,-100.5661,"25.77592,-100.5661",23.99
PL/19859/EXP/ES/2017,"Servicios Gasolineros de Mexico, S.A. de C.V.",Resto mercado,25.63768,-100.3122,"25.63768,-100.3122",23.99
PL/19868/EXP/ES/2017,Consorcio Ferretero Gonzalez S.A. de C.V.,Resto mercado,25.59928,-99.99925,"25.59928,-99.99925",23.99
PL/19978/EXP/ES/2017,"Servicios Gasolineros de Mexico, S.A. de C.V.",Resto mercado,25.80243,-100.5863,"25.80243,-100.5863",23.99
PL/20612/EXP/ES/2017,"Energeticos del Altiplano, S.A. de C.V.",Resto mercado,25.78876,-100.4958,"25.78876,-100.4958",23.99
PL/20776/EXP/ES/2017,"Petromax, S.A. de C.V.",Petromax cara,25.72923,-100.1994,"25.72923,-100.1994",24.24
PL/20780/EXP/ES/2017,"Servicios Gasolineros de Mexico, S.A. de C.V.",Resto mercado,25.64147,-100.0893,"25.64147,-100.0893",23.99
PL/20850/EXP/ES/2018,"Servicios Gasolineros de Mexico, S.A. de C.V.",Resto mercado,25.74908,-100.4287,"25.74908,-100.4287",23.99
PL/21066/EXP/ES/2018,"Grupo Cordoba Hernandez, S.A. de C.V.",Resto mercado,25.81975,-100.3974,"25.81975,-100.3974",23.8
PL/21456/EXP/ES/2018,Super Comercial Azteca S. de R.L. de C.V.,Resto mercado,25.73051,-100.2741,"25.73051,-100.2741",23.99
PL/21616/EXP/ES/2018,Servicio Petro Las Brujas S.A. de C.V.,Resto mercado,25.82346,-100.3649,"25.82346,-100.3649",23.94
PL/21791/EXP/ES/2018,"Petromax, S.A. de C.V.",Petromax cara,25.76265,-99.98902,"25.76265,-99.98902",24.34
PL/21991/EXP/ES/2018,"Petromax, S.A. de C.V.",Petromax precio mercado,25.8129,-100.3797,"25.8129,-100.3797",23.99
PL/22417/EXP/ES/2019,"Servicio Express Hidalgo, S.A. de C.V.",Resto mercado,25.64915,-100.1626,"25.64915,-100.1626",23.99
PL/22644/EXP/ES/2019,"Servicios Gasolineros de Mexico, S.A. de C.V.",Resto mercado,25.68137,-100.1689,"25.68137,-100.1689",23.99
PL/22645/EXP/ES/2019,"Servicios Gasolineros de Mexico, S.A. de C.V.",Resto mercado,25.87565,-100.289,"25.87565,-100.289",23.99
PL/22867/EXP/ES/2019,Multiservicio la Esperanza Sa de Cv,Resto mercado,25.65414,-100.1215,"25.65414,-100.1215",23.99
PL/22869/EXP/ES/2019,"Petromax, S.A. de C.V.",Petromax precio mercado,25.77638,-100.4587,"25.77638,-100.4587",23.99
PL/22889/EXP/ES/2019,"Servicios Gasolineros de Mexico, S.A. de C.V.",Resto mercado,25.71483,-100.49,"25.71483,-100.49",23.99
PL/22891/EXP/ES/2019,"Servicios Gasolineros de Mexico, S.A. de C.V.",Resto mercado,25.76765,-100.4207,"25.76765,-100.4207",23.99
PL/22908/EXP/ES/2019,"Servicio Express Hidalgo, S.A. de C.V.",Resto mercado,25.63742,-100.0852,"25.63742,-100.0852",23.99
PL/23248/EXP/ES/2020,Multiservicio la Esperanza Sa de Cv,Resto mercado,25.87319,-100.2508,"25.87319,-100.2508",23.99
PL/23596/EXP/ES/2020,"Servicios Gasolineros de Mexico, S.A. de C.V.",Resto mercado,25.74821,-100.4258,"25.74821,-100.4258",23.99
PL/23667/EXP/ES/2020,"Servicio Figue Pesqueria, S.A. de C.V.",Resto mercado,25.76258,-99.99151,"25.76258,-99.99151",23.89
PL/23687/EXP/ES/2020,"Servicios Gasolineros de Mexico, S.A. de C.V.",Resto mercado,25.76023,-100.4588,"25.76023,-100.4588",23.99
PL/23699/EXP/ES/2020,Servicio Petro Valle S.A. de C.V.,Resto mercado,25.8009,-100.5832,"25.8009,-100.5832",23.94
PL/23773/EXP/ES/2021,Cesar Geronimo Ipiña Sifuentes,Resto mercado,25.62972,-100.175,"25.62972,-100.175",23.94
PL/23774/EXP/ES/2021,Cesar Geronimo Ipiña Sifuentes,Resto mercado,25.62455,-100.1174,"25.62455,-100.1174",23.99
PL/23775/EXP/ES/2021,Cesar Geronimo Ipiña Sifuentes,Resto mercado,25.64869,-100.0839,"25.64869,-100.0839",23.74
PL/23776/EXP/ES/2021,Cesar Geronimo Ipiña Sifuentes,Resto mercado,25.64303,-100.0926,"25.64303,-100.0926",23.64
PL/23916/EXP/ES/2021,Petro San Roque S.A. de C.V.,Resto mercado,25.62251,-100.1536,"25.62251,-100.1536",23.64
PL/23918/EXP/ES/2021,"Servicio Express Hidalgo, S.A. de C.V.",Resto mercado,25.69405,-100.1701,"25.69405,-100.1701",23.99
PL/24075/EXP/ES/2022,Super Servicio Quinta Avenida Sa de Cv,Resto mercado,25.71379,-100.2964,"25.71379,-100.2964",23.99
PL/24109/EXP/ES/2022,Servicio Petro Pesqueria 2 S.A. de C.V.,Resto mercado,25.71501,-100.103,"25.71501,-100.103",23.74
PL/24158/EXP/ES/2022,Petro Fuels Zacatal Sa de Cv,Resto mercado,25.56965,-99.98149,"25.56965,-99.98149",23.74
PL/24159/EXP/ES/2022,Petro Fuels Zacatal Sa de Cv,Resto mercado,25.56145,-100.0233,"25.56145,-100.0233",22.44
PL/24160/EXP/ES/2022,Petro Fuels San Carlos Sa de Cv,Resto mercado,25.91725,-100.2524,"25.91725,-100.2524",23.74
PL/24302/EXP/ES/2022,"Petromax, S.A. de C.V.",Petromax precio mercado,25.74304,-100.4205,"25.74304,-100.4205",23.99
PL/24304/EXP/ES/2022,"Petromax, S.A. de C.V.",Petromax precio mercado,25.74468,-100.4206,"25.74468,-100.4206",23.99
PL/24347/EXP/ES/2022,"Servicios Gasolineros de Mexico, S.A. de C.V.",Resto mercado,25.78556,-100.2794,"25.78556,-100.2794",23.99
PL/24295/EXP/ES/2022,"Inver Dyp, S.A. de C.V.",Resto mercado,25.8476,-100.1348,"25.8476,-100.1348",23.99
PL/24371/EXP/ES/2022,"Petromax, S.A. de C.V.",Petromax precio mercado,25.70383,-100.6081,"25.70383,-100.6081",23.99
PL/24373/EXP/ES/2022,"Petromax, S.A. de C.V.",Petromax precio mercado,25.70058,-100.1341,"25.70058,-100.1341",23.99
PL/24348/EXP/ES/2022,"Petromax, S.A. de C.V.",Petromax precio mercado,25.78541,-100.4759,"25.78541,-100.4759",23.99
PL/24375/EXP/ES/2022,"Petromax, S.A. de C.V.",Petromax precio mercado,25.76056,-100.4632,"25.76056,-100.4632",23.99
PL/24312/EXP/ES/2022,"Petromax, S.A. de C.V.",Petromax precio mercado,25.75875,-100.4047,"25.75875,-100.4047",23.99
PL/24378/EXP/ES/2022,"Mercantil Distribuidora, S.A. de C.V.",Resto mercado,25.66207,-100.3053,"25.66207,-100.3053",
PL/24351/EXP/ES/2022,Servicio Petro Santiago S.A. de C.V.,Resto mercado,25.58612,-100.2457,"25.58612,-100.2457",23.84
PL/24298/EXP/ES/2022,Gensa Auto Servicio Express S.A. de C.V.,Resto mercado,25.66632,-100.1281,"25.66632,-100.1281",23.99
PL/24315/EXP/ES/2022,Servicio Petro Pesqueria 3 S.A. de C.V.,Resto mercado,25.72217,-100.1112,"25.72217,-100.1112",23.54
PL/24391/EXP/ES/2022,"Servicio Ag Escobedo, S.A. de C.V.",Resto mercado,25.77172,-100.2907,"25.77172,-100.2907",23.74
PL/24546/EXP/ES/2022,Luis Alberto Rodriguez Cantu,Resto mercado,25.63019,-100.0749,"25.63019,-100.0749",23.99
PL/24694/EXP/ES/2022,"Comercializadora de Combustibles Miramar, S. A. de C. V.",Resto mercado,25.58641,-100.0288,"25.58641,-100.0288",22.49
PL/24738/EXP/ES/2022,"Petromax, S.A. de C.V.",Petromax precio mercado,25.75689,-100.4789,"25.75689,-100.4789",23.99
PL/24756/EXP/ES/2022,Servicio Lincoln Petro S.A. de C.V.,Resto mercado,25.78879,-100.4911,"25.78879,-100.4911",23.03
PL/24783/EXP/ES/2022,"Petromax, S.A. de C.V.",Petromax precio mercado,25.68065,-100.2908,"25.68065,-100.2908",
PL/24846/EXP/ES/2023,Energeticos Regzo S.A. de C.V.,Resto mercado,25.70786,-100.4796,"25.70786,-100.4796",23.69
PL/24946/EXP/ES/2023,Cesar Geronimo Ipiña Sifuentes,Resto mercado,25.69779,-100.107,"25.69779,-100.107",23.74
PL/24972/EXP/ES/2023,"Gensa Auto Servicio Express, S. A. de C. V.",Resto mercado,25.68443,-100.1172,"25.68443,-100.1172",23.99
PL/24994/EXP/ES/2023,Orsan del Norte S.A. de C.V.,Resto mercado,25.75889,-100.4667,"25.75889,-100.4667",23.99
PL/25106/EXP/ES/2023,Servicio Ancira Viejo S.A. de C.V.,Resto mercado,25.69755,-100.1111,"25.69755,-100.1111",23.99
PL/25111/EXP/ES/2023,"Figue Valle Huasteca, S .A. de C. V.",Resto mercado,25.78655,-100.4829,"25.78655,-100.4829",23.09
PL/25159/EXP/ES/2023,"Gazpro, S.A. de C.V.",Resto mercado,25.68543,-100.1173,"25.68543,-100.1173",23.74
PL/25177/EXP/ES/2023,"Gazpro, S. A. de C. V.",Resto mercado,25.78912,-100.5813,"25.78912,-100.5813",23.94
PL/25219/EXP/ES/2023,"Gensa Auto Servicio Express, S.A. de C.V.",Resto mercado,25.69443,-100.0897,"25.69443,-100.0897",23.99
PL/25226/EXP/ES/2023,"Organización Pego Zuazua, S. A. de C. V.",Resto mercado,25.90322,-100.1511,"25.90322,-100.1511",22.99
PL/25234/EXP/ES/2023,"Mercantil Distribuidora, S. A. de C. V.",Resto mercado,25.79265,-100.3249,"25.79265,-100.3249",
PL/25236/EXP/ES/2023,"Petro Fuels Zacatal, S. A. de C. V.",Resto mercado,25.77494,-100.1974,"25.77494,-100.1974",23.74
PL/25292/EXP/ES/2023,"Gasorec el Carmen, S. A. de C. V.",Resto mercado,25.94362,-100.3387,"25.94362,-100.3387",23.99
PL/25333/EXP/ES/2023,Gensa Auto Servicio Express S.A. de C.V.,Resto mercado,25.71508,-100.1671,"25.71508,-100.1671",23.99
PL/25382/EXP/ES/2023,"Burgos Plus Gasolineras, S.A. de C.V.",Resto mercado,25.63648,-100.2723,"25.63648,-100.2723",23.99
PL/25451/EXP/ES/2023,"Petro Fuels Zacatal, S.A de C.V.",Resto mercado,25.57367,-100.0035,"25.57367,-100.0035",22.44
PL/25481/EXP/ES/2024,"Energeticos del Altiplano, S.A. de C.V.",Resto mercado,25.63282,-100.0982,"25.63282,-100.0982",
PL/25493/EXP/ES/2024,"Petromax, S.A. de C.V.",Petromax cara,25.61592,-100.0541,"25.61592,-100.0541",24.189999999999998
PL/25496/EXP/ES/2024,"Gasorec Acapulco, Sa de Cv",Resto mercado,25.716,-100.1606,"25.716,-100.1606",23.99
PL/25540/EXP/ES/2024,Gensa Auto Servicio Express S.A. de C.V.,Resto mercado,25.82117,-100.1039,"25.82117,-100.1039",23.99
PL/25562/EXP/ES/2024,Cesar Geronimo Ipiña Sifuentes,Resto mercado,25.66275,-100.0812,"25.66275,-100.0812",23.74
PL/25620/EXP/ES/2024,"Corporativo Gasolinero Montevic, S. A. de C. V.",Resto mercado,25.80326,-100.3164,"25.80326,-100.3164",23.59
PL/25655/EXP/ES/2024,"Petromax, S. A. de C. V.",Petromax precio mercado,25.84565,-100.3188,"25.84565,-100.3188",23.99
PL/25769/EXP/ES/2024,"Mercantil Distribuidora, S.A. de C.V.",Resto mercado,25.76824,-100.2313,"25.76824,-100.2313",23.99
PL/25900/EXP/ES/2024,"Servicio Gaspef, S.A. de C.V.",Resto mercado,25.86718,-100.1268,"25.86718,-100.1268",23.49
PL/25955/EXP/ES/2024,"Energeticos del Altiplano, S.A. de C.V.",Resto mercado,25.89036,-100.1145,"25.89036,-100.1145",22.99
CNE/PL/145/EXP/ES/2025,"Estacion Rj, S. A. de C. V.",Resto mercado,25.68792,-100.4943,"25.68792,-100.4943",23.5
